,Date,Type,Chain,Market,APY %,Weight %
0,2025-11-01,Pendle LP,ethereum,PT-USDe-5FEB2026,9.54,14.29
1,2025-11-01,Pendle PT,ethereum,PT-sUSDE-5FEB2026,6.56,14.29
2,2025-11-01,Uniswap MM,arbitrum,ETH/USDC,6.57,14.29
3,2025-11-01,Uniswap MM,unichain,ETH/USDC,10.53,14.29
4,2025-11-01,Uniswap MM,mainnet,WBTC/USDC,12.76,14.29
5,2025-11-01,Uniswap MM,mainnet,WBTC/USDT,10.28,14.29
6,2025-11-01,Uniswap MM,unichain,WBTC/USDT,6.96,14.29
7,2025-11-02,Pendle PT,ethereum,PT-sUSDE-5FEB2026,6.56,12.5
8,2025-11-02,Uniswap MM,arbitrum,ETH/USDC,10.36,12.5
9,2025-11-02,Uniswap MM,mainnet,ETH/USDC,8.11,12.5
10,2025-11-02,Uniswap MM,unichain,ETH/USDC,17.7,12.5
11,2025-11-02,Uniswap MM,arbitrum,ETH/USDT,7.9,12.5
12,2025-11-02,Uniswap MM,mainnet,WBTC/USDC,16.83,12.5
13,2025-11-02,Uniswap MM,mainnet,WBTC/USDT,26.82,12.5
14,2025-11-02,Uniswap MM,unichain,WBTC/USDT,12.05,12.5
15,2025-11-03,Pendle PT,ethereum,PT-sUSDE-5FEB2026,6.56,9.09
16,2025-11-03,Uniswap MM,arbitrum,ETH/USDC,29.07,9.09
17,2025-11-03,Uniswap MM,mainnet,ETH/USDC,41.65,9.09
18,2025-11-03,Uniswap MM,unichain,ETH/USDC,48.73,9.09
19,2025-11-03,Uniswap MM,arbitrum,ETH/USDT,28.17,9.09
20,2025-11-03,Uniswap MM,mainnet,ETH/USDT,20.01,9.09
21,2025-11-03,Uniswap MM,unichain,ETH/USDT,16.78,9.09
22,2025-11-03,Uniswap MM,mainnet,WBTC/USDC,271.65,9.09
23,2025-11-03,Uniswap MM,unichain,WBTC/USDC,14.96,9.09
24,2025-11-03,Uniswap MM,mainnet,WBTC/USDT,227.38,9.09
25,2025-11-03,Uniswap MM,unichain,WBTC/USDT,28.49,9.09
26,2025-11-04,Pendle LP,ethereum,PT-sUSDE-5FEB2026,7.29,7.69
27,2025-11-04,Pendle PT,ethereum,PT-sUSDE-5FEB2026,6.56,7.69
28,2025-11-04,Uniswap MM,arbitrum,ETH/USDC,40.6,7.69
29,2025-11-04,Uniswap MM,mainnet,ETH/USDC,57.56,7.69
30,2025-11-04,Uniswap MM,unichain,ETH/USDC,60.2,7.69
31,2025-11-04,Uniswap MM,arbitrum,ETH/USDT,39.05,7.69
32,2025-11-04,Uniswap MM,mainnet,ETH/USDT,35.91,7.69
33,2025-11-04,Uniswap MM,unichain,ETH/USDT,27.68,7.69
34,2025-11-04,Uniswap MM,arbitrum,WBTC/USDC,26.17,7.69
35,2025-11-04,Uniswap MM,mainnet,WBTC/USDC,249.59,7.69
36,2025-11-04,Uniswap MM,unichain,WBTC/USDC,17.97,7.69
37,2025-11-04,Uniswap MM,mainnet,WBTC/USDT,287,7.69
38,2025-11-04,Uniswap MM,unichain,WBTC/USDT,46.75,7.69
39,2025-11-05,Pendle LP,ethereum,PT-sUSDE-5FEB2026,7.4,7.69
40,2025-11-05,Pendle PT,ethereum,PT-sUSDE-5FEB2026,6.56,7.69
41,2025-11-05,Uniswap MM,arbitrum,ETH/USDC,26.63,7.69
42,2025-11-05,Uniswap MM,mainnet,ETH/USDC,20.34,7.69
43,2025-11-05,Uniswap MM,unichain,ETH/USDC,34.32,7.69
44,2025-11-05,Uniswap MM,arbitrum,ETH/USDT,18.66,7.69
45,2025-11-05,Uniswap MM,mainnet,ETH/USDT,9.61,7.69
46,2025-11-05,Uniswap MM,unichain,ETH/USDT,13.03,7.69
47,2025-11-05,Uniswap MM,arbitrum,WBTC/USDC,42.46,7.69
48,2025-11-05,Uniswap MM,mainnet,WBTC/USDC,14.59,7.69
49,2025-11-05,Uniswap MM,unichain,WBTC/USDC,8.08,7.69
50,2025-11-05,Uniswap MM,mainnet,WBTC/USDT,157.35,7.69
51,2025-11-05,Uniswap MM,unichain,WBTC/USDT,24.7,7.69
52,2025-11-06,Pendle PT,ethereum,PT-sUSDE-5FEB2026,6.56,8.33
53,2025-11-06,Uniswap MM,arbitrum,ETH/USDC,25.46,8.33
54,2025-11-06,Uniswap MM,mainnet,ETH/USDC,17.73,8.33
55,2025-11-06,Uniswap MM,unichain,ETH/USDC,36.08,8.33
56,2025-11-06,Uniswap MM,arbitrum,ETH/USDT,17.39,8.33
57,2025-11-06,Uniswap MM,mainnet,ETH/USDT,13.96,8.33
58,2025-11-06,Uniswap MM,unichain,ETH/USDT,11.39,8.33
59,2025-11-06,Uniswap MM,arbitrum,WBTC/USDC,44.66,8.33
60,2025-11-06,Uniswap MM,mainnet,WBTC/USDC,15.59,8.33
61,2025-11-06,Uniswap MM,unichain,WBTC/USDC,7.74,8.33
62,2025-11-06,Uniswap MM,mainnet,WBTC/USDT,176.22,8.33
63,2025-11-06,Uniswap MM,unichain,WBTC/USDT,21.84,8.33
64,2025-11-07,Pendle PT,ethereum,PT-sUSDE-5FEB2026,6.56,8.33
65,2025-11-07,Uniswap MM,arbitrum,ETH/USDC,29.93,8.33
66,2025-11-07,Uniswap MM,mainnet,ETH/USDC,38.89,8.33
67,2025-11-07,Uniswap MM,unichain,ETH/USDC,42.95,8.33
68,2025-11-07,Uniswap MM,arbitrum,ETH/USDT,19.14,8.33
69,2025-11-07,Uniswap MM,mainnet,ETH/USDT,37.56,8.33
70,2025-11-07,Uniswap MM,unichain,ETH/USDT,14.73,8.33
71,2025-11-07,Uniswap MM,arbitrum,WBTC/USDC,40.19,8.33
72,2025-11-07,Uniswap MM,mainnet,WBTC/USDC,17.93,8.33
73,2025-11-07,Uniswap MM,unichain,WBTC/USDC,8.22,8.33
74,2025-11-07,Uniswap MM,mainnet,WBTC/USDT,168.13,8.33
75,2025-11-07,Uniswap MM,unichain,WBTC/USDT,20.36,8.33
76,2025-11-08,Pendle PT,ethereum,PT-sUSDE-5FEB2026,6.56,10
77,2025-11-08,Uniswap MM,arbitrum,ETH/USDC,16.51,10
78,2025-11-08,Uniswap MM,mainnet,ETH/USDC,15.33,10
79,2025-11-08,Uniswap MM,unichain,ETH/USDC,18.56,10
80,2025-11-08,Uniswap MM,arbitrum,ETH/USDT,11.73,10
81,2025-11-08,Uniswap MM,mainnet,ETH/USDT,22.33,10
82,2025-11-08,Uniswap MM,unichain,ETH/USDT,6.91,10
83,2025-11-08,Uniswap MM,arbitrum,WBTC/USDC,20.9,10
84,2025-11-08,Uniswap MM,mainnet,WBTC/USDT,44.26,10
85,2025-11-08,Uniswap MM,unichain,WBTC/USDT,7.62,10
86,2025-11-09,Pendle LP,ethereum,PT-USDe-5FEB2026,7.51,8.33
87,2025-11-09,Pendle PT,ethereum,PT-sUSDE-5FEB2026,6.56,8.33
88,2025-11-09,Uniswap MM,arbitrum,ETH/USDC,19.14,8.33
89,2025-11-09,Uniswap MM,mainnet,ETH/USDC,23.41,8.33
90,2025-11-09,Uniswap MM,unichain,ETH/USDC,21.8,8.33
91,2025-11-09,Uniswap MM,arbitrum,ETH/USDT,15.67,8.33
92,2025-11-09,Uniswap MM,mainnet,ETH/USDT,15.63,8.33
93,2025-11-09,Uniswap MM,unichain,ETH/USDT,8.95,8.33
94,2025-11-09,Uniswap MM,arbitrum,WBTC/USDC,31.14,8.33
95,2025-11-09,Uniswap MM,mainnet,WBTC/USDC,17.59,8.33
96,2025-11-09,Uniswap MM,mainnet,WBTC/USDT,121.1,8.33
97,2025-11-09,Uniswap MM,unichain,WBTC/USDT,12.31,8.33
98,2025-11-10,Pendle LP,ethereum,PT-USDe-5FEB2026,7.48,8.33
99,2025-11-10,Pendle PT,ethereum,PT-sUSDE-5FEB2026,6.56,8.33
100,2025-11-10,Uniswap MM,arbitrum,ETH/USDC,25.02,8.33
101,2025-11-10,Uniswap MM,mainnet,ETH/USDC,23.94,8.33
102,2025-11-10,Uniswap MM,unichain,ETH/USDC,25.9,8.33
103,2025-11-10,Uniswap MM,arbitrum,ETH/USDT,21.43,8.33
104,2025-11-10,Uniswap MM,mainnet,ETH/USDT,7.67,8.33
105,2025-11-10,Uniswap MM,unichain,ETH/USDT,11.58,8.33
106,2025-11-10,Uniswap MM,arbitrum,WBTC/USDC,18.91,8.33
107,2025-11-10,Uniswap MM,mainnet,WBTC/USDC,19.01,8.33
108,2025-11-10,Uniswap MM,mainnet,WBTC/USDT,37.61,8.33
109,2025-11-10,Uniswap MM,unichain,WBTC/USDT,13.16,8.33
110,2025-11-11,Pendle LP,ethereum,PT-USDe-5FEB2026,7.03,7.69
111,2025-11-11,Pendle PT,ethereum,PT-sUSDE-5FEB2026,6.56,7.69
112,2025-11-11,Uniswap MM,arbitrum,ETH/USDC,25.85,7.69
113,2025-11-11,Uniswap MM,mainnet,ETH/USDC,27.39,7.69
114,2025-11-11,Uniswap MM,unichain,ETH/USDC,27.31,7.69
115,2025-11-11,Uniswap MM,arbitrum,ETH/USDT,22.08,7.69
116,2025-11-11,Uniswap MM,mainnet,ETH/USDT,30.26,7.69
117,2025-11-11,Uniswap MM,unichain,ETH/USDT,12.29,7.69
118,2025-11-11,Uniswap MM,arbitrum,WBTC/USDC,19.44,7.69
119,2025-11-11,Uniswap MM,mainnet,WBTC/USDC,16.93,7.69
120,2025-11-11,Uniswap MM,unichain,WBTC/USDC,6.69,7.69
121,2025-11-11,Uniswap MM,mainnet,WBTC/USDT,51.23,7.69
122,2025-11-11,Uniswap MM,unichain,WBTC/USDT,14.11,7.69
123,2025-11-12,Pendle LP,ethereum,PT-USDe-5FEB2026,7.02,7.69
124,2025-11-12,Pendle PT,ethereum,PT-sUSDE-5FEB2026,6.56,7.69
125,2025-11-12,Uniswap MM,arbitrum,ETH/USDC,32.76,7.69
126,2025-11-12,Uniswap MM,mainnet,ETH/USDC,39.06,7.69
127,2025-11-12,Uniswap MM,unichain,ETH/USDC,30.34,7.69
128,2025-11-12,Uniswap MM,arbitrum,ETH/USDT,23.87,7.69
129,2025-11-12,Uniswap MM,mainnet,ETH/USDT,29.15,7.69
130,2025-11-12,Uniswap MM,unichain,ETH/USDT,13.64,7.69
131,2025-11-12,Uniswap MM,arbitrum,WBTC/USDC,24.01,7.69
132,2025-11-12,Uniswap MM,mainnet,WBTC/USDC,14.35,7.69
133,2025-11-12,Uniswap MM,arbitrum,WBTC/USDT,8.01,7.69
134,2025-11-12,Uniswap MM,mainnet,WBTC/USDT,41.51,7.69
135,2025-11-12,Uniswap MM,unichain,WBTC/USDT,13.99,7.69
136,2025-11-13,Pendle PT,ethereum,PT-sUSDE-5FEB2026,6.56,7.69
137,2025-11-13,Uniswap MM,arbitrum,ETH/USDC,57.85,7.69
138,2025-11-13,Uniswap MM,mainnet,ETH/USDC,79.21,7.69
139,2025-11-13,Uniswap MM,unichain,ETH/USDC,51.76,7.69
140,2025-11-13,Uniswap MM,arbitrum,ETH/USDT,33.16,7.69
141,2025-11-13,Uniswap MM,mainnet,ETH/USDT,14.35,7.69
142,2025-11-13,Uniswap MM,unichain,ETH/USDT,19.36,7.69
143,2025-11-13,Uniswap MM,arbitrum,WBTC/USDC,49.17,7.69
144,2025-11-13,Uniswap MM,mainnet,WBTC/USDC,23.2,7.69
145,2025-11-13,Uniswap MM,unichain,WBTC/USDC,76.15,7.69
146,2025-11-13,Uniswap MM,arbitrum,WBTC/USDT,82.3,7.69
147,2025-11-13,Uniswap MM,mainnet,WBTC/USDT,63.61,7.69
148,2025-11-13,Uniswap MM,unichain,WBTC/USDT,22.91,7.69
149,2025-11-14,Pendle PT,ethereum,PT-sUSDE-5FEB2026,6.56,8.33
150,2025-11-14,Uniswap MM,arbitrum,ETH/USDC,59.66,8.33
151,2025-11-14,Uniswap MM,mainnet,ETH/USDC,99.39,8.33
152,2025-11-14,Uniswap MM,unichain,ETH/USDC,62.74,8.33
153,2025-11-14,Uniswap MM,arbitrum,ETH/USDT,32.42,8.33
154,2025-11-14,Uniswap MM,mainnet,ETH/USDT,10.09,8.33
155,2025-11-14,Uniswap MM,unichain,ETH/USDT,17.89,8.33
156,2025-11-14,Uniswap MM,arbitrum,WBTC/USDC,80.88,8.33
157,2025-11-14,Uniswap MM,mainnet,WBTC/USDC,23.3,8.33
158,2025-11-14,Uniswap MM,unichain,WBTC/USDC,22.29,8.33
159,2025-11-14,Uniswap MM,mainnet,WBTC/USDT,99.31,8.33
160,2025-11-14,Uniswap MM,unichain,WBTC/USDT,29.57,8.33
161,2025-11-15,Pendle PT,ethereum,PT-sUSDE-5FEB2026,6.56,11.11
162,2025-11-15,Uniswap MM,arbitrum,ETH/USDC,15.8,11.11
163,2025-11-15,Uniswap MM,mainnet,ETH/USDC,21.03,11.11
164,2025-11-15,Uniswap MM,unichain,ETH/USDC,18.74,11.11
165,2025-11-15,Uniswap MM,arbitrum,ETH/USDT,9.75,11.11
166,2025-11-15,Uniswap MM,arbitrum,WBTC/USDC,22.22,11.11
167,2025-11-15,Uniswap MM,unichain,WBTC/USDC,11.03,11.11
168,2025-11-15,Uniswap MM,mainnet,WBTC/USDT,12.83,11.11
169,2025-11-15,Uniswap MM,unichain,WBTC/USDT,8.57,11.11
170,2025-11-16,Pendle PT,ethereum,PT-sUSDE-5FEB2026,6.56,8.33
171,2025-11-16,Uniswap MM,arbitrum,ETH/USDC,31.17,8.33
172,2025-11-16,Uniswap MM,mainnet,ETH/USDC,55.34,8.33
173,2025-11-16,Uniswap MM,unichain,ETH/USDC,37.61,8.33
174,2025-11-16,Uniswap MM,arbitrum,ETH/USDT,15.26,8.33
175,2025-11-16,Uniswap MM,mainnet,ETH/USDT,7.18,8.33
176,2025-11-16,Uniswap MM,unichain,ETH/USDT,10.6,8.33
177,2025-11-16,Uniswap MM,arbitrum,WBTC/USDC,30.89,8.33
178,2025-11-16,Uniswap MM,mainnet,WBTC/USDC,8.03,8.33
179,2025-11-16,Uniswap MM,unichain,WBTC/USDC,10.54,8.33
180,2025-11-16,Uniswap MM,mainnet,WBTC/USDT,44.28,8.33
181,2025-11-16,Uniswap MM,unichain,WBTC/USDT,14.64,8.33
182,2025-11-17,Pendle PT,ethereum,PT-sUSDE-5FEB2026,6.56,7.69
183,2025-11-17,Uniswap MM,arbitrum,ETH/USDC,42.01,7.69
184,2025-11-17,Uniswap MM,mainnet,ETH/USDC,61.77,7.69
185,2025-11-17,Uniswap MM,unichain,ETH/USDC,42.73,7.69
186,2025-11-17,Uniswap MM,arbitrum,ETH/USDT,18.47,7.69
187,2025-11-17,Uniswap MM,mainnet,ETH/USDT,10.04,7.69
188,2025-11-17,Uniswap MM,unichain,ETH/USDT,13.14,7.69
189,2025-11-17,Uniswap MM,arbitrum,WBTC/USDC,60.04,7.69
190,2025-11-17,Uniswap MM,mainnet,WBTC/USDC,15.29,7.69
191,2025-11-17,Uniswap MM,unichain,WBTC/USDC,21.64,7.69
192,2025-11-17,Uniswap MM,arbitrum,WBTC/USDT,14.99,7.69
193,2025-11-17,Uniswap MM,mainnet,WBTC/USDT,63.74,7.69
194,2025-11-17,Uniswap MM,unichain,WBTC/USDT,21,7.69
195,2025-11-18,Pendle PT,ethereum,PT-sUSDE-5FEB2026,6.56,7.69
196,2025-11-18,Uniswap MM,arbitrum,ETH/USDC,34.18,7.69
197,2025-11-18,Uniswap MM,mainnet,ETH/USDC,56.91,7.69
198,2025-11-18,Uniswap MM,unichain,ETH/USDC,34.16,7.69
199,2025-11-18,Uniswap MM,arbitrum,ETH/USDT,16.75,7.69
200,2025-11-18,Uniswap MM,mainnet,ETH/USDT,10.09,7.69
201,2025-11-18,Uniswap MM,unichain,ETH/USDT,14.5,7.69
202,2025-11-18,Uniswap MM,arbitrum,WBTC/USDC,60.6,7.69
203,2025-11-18,Uniswap MM,mainnet,WBTC/USDC,27.56,7.69
204,2025-11-18,Uniswap MM,unichain,WBTC/USDC,20.18,7.69
205,2025-11-18,Uniswap MM,arbitrum,WBTC/USDT,39.51,7.69
206,2025-11-18,Uniswap MM,mainnet,WBTC/USDT,58.05,7.69
207,2025-11-18,Uniswap MM,unichain,WBTC/USDT,16.14,7.69
208,2025-11-19,Pendle PT,ethereum,PT-sUSDE-5FEB2026,6.56,8.33
209,2025-11-19,Uniswap MM,arbitrum,ETH/USDC,29.84,8.33
210,2025-11-19,Uniswap MM,mainnet,ETH/USDC,47.08,8.33
211,2025-11-19,Uniswap MM,unichain,ETH/USDC,22.25,8.33
212,2025-11-19,Uniswap MM,arbitrum,ETH/USDT,12.58,8.33
213,2025-11-19,Uniswap MM,mainnet,ETH/USDT,14.22,8.33
214,2025-11-19,Uniswap MM,unichain,ETH/USDT,12.7,8.33
215,2025-11-19,Uniswap MM,arbitrum,WBTC/USDC,41.59,8.33
216,2025-11-19,Uniswap MM,mainnet,WBTC/USDC,9.94,8.33
217,2025-11-19,Uniswap MM,unichain,WBTC/USDC,17.76,8.33
218,2025-11-19,Uniswap MM,mainnet,WBTC/USDT,57.36,8.33
219,2025-11-19,Uniswap MM,unichain,WBTC/USDT,14.07,8.33
220,2025-11-20,Pendle PT,ethereum,PT-sUSDE-5FEB2026,6.56,8.33
221,2025-11-20,Uniswap MM,arbitrum,ETH/USDC,24.45,8.33
222,2025-11-20,Uniswap MM,mainnet,ETH/USDC,39.31,8.33
223,2025-11-20,Uniswap MM,unichain,ETH/USDC,20.67,8.33
224,2025-11-20,Uniswap MM,arbitrum,ETH/USDT,12.43,8.33
225,2025-11-20,Uniswap MM,mainnet,ETH/USDT,16.69,8.33
226,2025-11-20,Uniswap MM,unichain,ETH/USDT,11.83,8.33
227,2025-11-20,Uniswap MM,arbitrum,WBTC/USDC,54.76,8.33
228,2025-11-20,Uniswap MM,mainnet,WBTC/USDC,12.43,8.33
229,2025-11-20,Uniswap MM,unichain,WBTC/USDC,19.82,8.33
230,2025-11-20,Uniswap MM,mainnet,WBTC/USDT,63.29,8.33
231,2025-11-20,Uniswap MM,unichain,WBTC/USDT,19.26,8.33
232,2025-11-21,Pendle PT,ethereum,PT-sUSDE-5FEB2026,6.56,8.33
233,2025-11-21,Uniswap MM,arbitrum,ETH/USDC,35.91,8.33
234,2025-11-21,Uniswap MM,mainnet,ETH/USDC,72.77,8.33
235,2025-11-21,Uniswap MM,unichain,ETH/USDC,25.73,8.33
236,2025-11-21,Uniswap MM,arbitrum,ETH/USDT,19.7,8.33
237,2025-11-21,Uniswap MM,mainnet,ETH/USDT,23.1,8.33
238,2025-11-21,Uniswap MM,unichain,ETH/USDT,8.86,8.33
239,2025-11-21,Uniswap MM,arbitrum,WBTC/USDC,88.63,8.33
240,2025-11-21,Uniswap MM,mainnet,WBTC/USDC,22.73,8.33
241,2025-11-21,Uniswap MM,unichain,WBTC/USDC,40.92,8.33
242,2025-11-21,Uniswap MM,mainnet,WBTC/USDT,117.26,8.33
243,2025-11-21,Uniswap MM,unichain,WBTC/USDT,34.88,8.33
244,2025-11-22,Pendle PT,ethereum,PT-sUSDE-5FEB2026,6.56,14.29
245,2025-11-22,Uniswap MM,arbitrum,ETH/USDC,7.91,14.29
246,2025-11-22,Uniswap MM,mainnet,ETH/USDC,8.74,14.29
247,2025-11-22,Uniswap MM,arbitrum,WBTC/USDC,29.84,14.29
248,2025-11-22,Uniswap MM,unichain,WBTC/USDC,9.1,14.29
249,2025-11-22,Uniswap MM,mainnet,WBTC/USDT,6.66,14.29
250,2025-11-22,Uniswap MM,unichain,WBTC/USDT,8.86,14.29
251,2025-11-23,Pendle PT,ethereum,PT-sUSDE-5FEB2026,6.56,11.11
252,2025-11-23,Uniswap MM,arbitrum,ETH/USDC,8.6,11.11
253,2025-11-23,Uniswap MM,mainnet,ETH/USDC,10.69,11.11
254,2025-11-23,Uniswap MM,unichain,ETH/USDC,6.63,11.11
255,2025-11-23,Uniswap MM,mainnet,ETH/USDT,6.86,11.11
256,2025-11-23,Uniswap MM,arbitrum,WBTC/USDC,31.32,11.11
257,2025-11-23,Uniswap MM,unichain,WBTC/USDC,11.95,11.11
258,2025-11-23,Uniswap MM,mainnet,WBTC/USDT,11.5,11.11
259,2025-11-23,Uniswap MM,unichain,WBTC/USDT,10.95,11.11
260,2025-11-24,Pendle PT,ethereum,PT-sUSDE-5FEB2026,6.56,9.09
261,2025-11-24,Uniswap MM,arbitrum,ETH/USDC,23.58,9.09
262,2025-11-24,Uniswap MM,mainnet,ETH/USDC,19.66,9.09
263,2025-11-24,Uniswap MM,unichain,ETH/USDC,12.32,9.09
264,2025-11-24,Uniswap MM,arbitrum,ETH/USDT,10.83,9.09
265,2025-11-24,Uniswap MM,mainnet,ETH/USDT,11.51,9.09
266,2025-11-24,Uniswap MM,arbitrum,WBTC/USDC,49.74,9.09
267,2025-11-24,Uniswap MM,mainnet,WBTC/USDC,8.12,9.09
268,2025-11-24,Uniswap MM,unichain,WBTC/USDC,24.12,9.09
269,2025-11-24,Uniswap MM,mainnet,WBTC/USDT,18.54,9.09
270,2025-11-24,Uniswap MM,unichain,WBTC/USDT,16.24,9.09
271,2025-11-25,Pendle PT,ethereum,PT-sUSDE-5FEB2026,6.56,10
272,2025-11-25,Uniswap MM,arbitrum,ETH/USDC,22.56,10
273,2025-11-25,Uniswap MM,mainnet,ETH/USDC,17.32,10
274,2025-11-25,Uniswap MM,unichain,ETH/USDC,9.05,10
275,2025-11-25,Uniswap MM,arbitrum,ETH/USDT,9.23,10
276,2025-11-25,Uniswap MM,mainnet,ETH/USDT,10.33,10
277,2025-11-25,Uniswap MM,arbitrum,WBTC/USDC,34.54,10
278,2025-11-25,Uniswap MM,unichain,WBTC/USDC,15.21,10
279,2025-11-25,Uniswap MM,mainnet,WBTC/USDT,13.35,10
280,2025-11-25,Uniswap MM,unichain,WBTC/USDT,9.85,10
281,2025-11-26,Pendle PT,ethereum,PT-sUSDE-5FEB2026,6.56,10
282,2025-11-26,Uniswap MM,arbitrum,ETH/USDC,16.29,10
283,2025-11-26,Uniswap MM,mainnet,ETH/USDC,11.39,10
284,2025-11-26,Uniswap MM,unichain,ETH/USDC,7.71,10
285,2025-11-26,Uniswap MM,arbitrum,ETH/USDT,13.36,10
286,2025-11-26,Uniswap MM,mainnet,ETH/USDT,7.85,10
287,2025-11-26,Uniswap MM,arbitrum,WBTC/USDC,31.42,10
288,2025-11-26,Uniswap MM,unichain,WBTC/USDC,13.25,10
289,2025-11-26,Uniswap MM,mainnet,WBTC/USDT,11.89,10
290,2025-11-26,Uniswap MM,unichain,WBTC/USDT,10.17,10
291,2025-11-27,Pendle PT,ethereum,PT-iUSD-19FEB2026,10,12.5
292,2025-11-27,Pendle PT,ethereum,PT-sUSDE-5FEB2026,6.56,12.5
293,2025-11-27,Uniswap MM,arbitrum,ETH/USDC,10.66,12.5
294,2025-11-27,Uniswap MM,mainnet,ETH/USDC,9.15,12.5
295,2025-11-27,Uniswap MM,arbitrum,ETH/USDT,25.14,12.5
296,2025-11-27,Uniswap MM,arbitrum,WBTC/USDC,20.42,12.5
297,2025-11-27,Uniswap MM,unichain,WBTC/USDC,6.96,12.5
298,2025-11-27,Uniswap MM,mainnet,WBTC/USDT,8.48,12.5
299,2025-11-28,Pendle PT,ethereum,PT-iUSD-19FEB2026,10,9.09
300,2025-11-28,Pendle PT,ethereum,PT-sNUSD-5MAR2026,18,9.09
301,2025-11-28,Pendle PT,ethereum,PT-sUSDE-5FEB2026,6.56,9.09
302,2025-11-28,Uniswap MM,arbitrum,ETH/USDC,17.52,9.09
303,2025-11-28,Uniswap MM,mainnet,ETH/USDC,10.13,9.09
304,2025-11-28,Uniswap MM,unichain,ETH/USDC,7.54,9.09
305,2025-11-28,Uniswap MM,arbitrum,ETH/USDT,35.79,9.09
306,2025-11-28,Uniswap MM,arbitrum,WBTC/USDC,27.87,9.09
307,2025-11-28,Uniswap MM,unichain,WBTC/USDC,12.29,9.09
308,2025-11-28,Uniswap MM,mainnet,WBTC/USDT,10.15,9.09
309,2025-11-28,Uniswap MM,unichain,WBTC/USDT,7.21,9.09
310,2025-11-29,Pendle PT,ethereum,PT-iUSD-19FEB2026,10,16.67
311,2025-11-29,Pendle PT,ethereum,PT-sNUSD-5MAR2026,18,16.67
312,2025-11-29,Pendle PT,ethereum,PT-sUSDE-5FEB2026,6.56,16.67
313,2025-11-29,Uniswap MM,arbitrum,ETH/USDC,6.53,16.67
314,2025-11-29,Uniswap MM,arbitrum,ETH/USDT,16.02,16.67
315,2025-11-29,Uniswap MM,arbitrum,WBTC/USDC,10.09,16.67
316,2025-11-30,Pendle PT,ethereum,PT-iUSD-19FEB2026,10,20
317,2025-11-30,Pendle PT,ethereum,PT-sNUSD-5MAR2026,18,20
318,2025-11-30,Pendle PT,ethereum,PT-sUSDE-5FEB2026,6.56,20
319,2025-11-30,Uniswap MM,arbitrum,ETH/USDT,14.98,20
320,2025-11-30,Uniswap MM,arbitrum,WBTC/USDC,11.44,20
321,2025-12-01,Pendle PT,ethereum,PT-iUSD-19FEB2026,10,7.69
322,2025-12-01,Pendle PT,ethereum,PT-sNUSD-5MAR2026,18,7.69
323,2025-12-01,Pendle PT,ethereum,PT-sUSDE-5FEB2026,6.56,7.69
324,2025-12-01,Uniswap MM,arbitrum,ETH/USDC,30.03,7.69
325,2025-12-01,Uniswap MM,mainnet,ETH/USDC,26.76,7.69
326,2025-12-01,Uniswap MM,unichain,ETH/USDC,11,7.69
327,2025-12-01,Uniswap MM,arbitrum,ETH/USDT,23.86,7.69
328,2025-12-01,Uniswap MM,mainnet,ETH/USDT,9.5,7.69
329,2025-12-01,Uniswap MM,arbitrum,WBTC/USDC,49.65,7.69
330,2025-12-01,Uniswap MM,mainnet,WBTC/USDC,10.39,7.69
331,2025-12-01,Uniswap MM,unichain,WBTC/USDC,27.06,7.69
332,2025-12-01,Uniswap MM,mainnet,WBTC/USDT,7.32,7.69
333,2025-12-01,Uniswap MM,unichain,WBTC/USDT,18.01,7.69
334,2025-12-02,Pendle LP,ethereum,PT-sNUSD-5MAR2026,29.5,7.69
335,2025-12-02,Pendle PT,ethereum,PT-iUSD-19FEB2026,10,7.69
336,2025-12-02,Pendle PT,ethereum,PT-sNUSD-5MAR2026,18,7.69
337,2025-12-02,Pendle PT,ethereum,PT-sUSDE-5FEB2026,6.56,7.69
338,2025-12-02,Uniswap MM,arbitrum,ETH/USDC,20.53,7.69
339,2025-12-02,Uniswap MM,mainnet,ETH/USDC,15.24,7.69
340,2025-12-02,Uniswap MM,unichain,ETH/USDC,9.02,7.69
341,2025-12-02,Uniswap MM,arbitrum,ETH/USDT,14.54,7.69
342,2025-12-02,Uniswap MM,arbitrum,WBTC/USDC,41.69,7.69
343,2025-12-02,Uniswap MM,mainnet,WBTC/USDC,7.88,7.69
344,2025-12-02,Uniswap MM,unichain,WBTC/USDC,18.55,7.69
345,2025-12-02,Uniswap MM,mainnet,WBTC/USDT,27.41,7.69
346,2025-12-02,Uniswap MM,unichain,WBTC/USDT,14.46,7.69
347,2025-12-03,Pendle LP,ethereum,PT-sNUSD-5MAR2026,25.95,7.14
348,2025-12-03,Pendle PT,ethereum,PT-iUSD-19FEB2026,10,7.14
349,2025-12-03,Pendle PT,ethereum,PT-sNUSD-5MAR2026,18,7.14
350,2025-12-03,Pendle PT,ethereum,PT-sUSDE-5FEB2026,6.56,7.14
351,2025-12-03,Uniswap MM,arbitrum,ETH/USDC,35.85,7.14
352,2025-12-03,Uniswap MM,mainnet,ETH/USDC,27.51,7.14
353,2025-12-03,Uniswap MM,unichain,ETH/USDC,12.96,7.14
354,2025-12-03,Uniswap MM,arbitrum,ETH/USDT,19.66,7.14
355,2025-12-03,Uniswap MM,mainnet,ETH/USDT,8.29,7.14
356,2025-12-03,Uniswap MM,arbitrum,WBTC/USDC,53.29,7.14
357,2025-12-03,Uniswap MM,mainnet,WBTC/USDC,7.76,7.14
358,2025-12-03,Uniswap MM,unichain,WBTC/USDC,19,7.14
359,2025-12-03,Uniswap MM,mainnet,WBTC/USDT,19.03,7.14
360,2025-12-03,Uniswap MM,unichain,WBTC/USDT,14.25,7.14
361,2025-12-04,Pendle LP,ethereum,PT-sNUSD-5MAR2026,27.56,7.14
362,2025-12-04,Pendle LP,ethereum,PT-sUSDE-5FEB2026,6.98,7.14
363,2025-12-04,Pendle PT,ethereum,PT-iUSD-19FEB2026,10,7.14
364,2025-12-04,Pendle PT,ethereum,PT-sNUSD-5MAR2026,18,7.14
365,2025-12-04,Pendle PT,ethereum,PT-sUSDE-5FEB2026,6.56,7.14
366,2025-12-04,Uniswap MM,arbitrum,ETH/USDC,28.68,7.14
367,2025-12-04,Uniswap MM,mainnet,ETH/USDC,21.59,7.14
368,2025-12-04,Uniswap MM,unichain,ETH/USDC,10.72,7.14
369,2025-12-04,Uniswap MM,arbitrum,ETH/USDT,18.01,7.14
370,2025-12-04,Uniswap MM,mainnet,ETH/USDT,7.06,7.14
371,2025-12-04,Uniswap MM,arbitrum,WBTC/USDC,39.48,7.14
372,2025-12-04,Uniswap MM,unichain,WBTC/USDC,13.94,7.14
373,2025-12-04,Uniswap MM,mainnet,WBTC/USDT,14.36,7.14
374,2025-12-04,Uniswap MM,unichain,WBTC/USDT,10.17,7.14
375,2025-12-05,Pendle LP,ethereum,PT-sNUSD-5MAR2026,25.91,7.69
376,2025-12-05,Pendle LP,ethereum,PT-sUSDE-5FEB2026,6.72,7.69
377,2025-12-05,Pendle PT,ethereum,PT-iUSD-19FEB2026,10,7.69
378,2025-12-05,Pendle PT,ethereum,PT-sNUSD-5MAR2026,18,7.69
379,2025-12-05,Pendle PT,ethereum,PT-sUSDE-5FEB2026,6.56,7.69
380,2025-12-05,Uniswap MM,arbitrum,ETH/USDC,33.81,7.69
381,2025-12-05,Uniswap MM,mainnet,ETH/USDC,23.16,7.69
382,2025-12-05,Uniswap MM,unichain,ETH/USDC,12.11,7.69
383,2025-12-05,Uniswap MM,arbitrum,ETH/USDT,16.06,7.69
384,2025-12-05,Uniswap MM,arbitrum,WBTC/USDC,44.96,7.69
385,2025-12-05,Uniswap MM,unichain,WBTC/USDC,14.49,7.69
386,2025-12-05,Uniswap MM,mainnet,WBTC/USDT,14.31,7.69
387,2025-12-05,Uniswap MM,unichain,WBTC/USDT,11.04,7.69
388,2025-12-06,Pendle LP,ethereum,PT-sNUSD-5MAR2026,25.6,12.5
389,2025-12-06,Pendle LP,ethereum,PT-sUSDE-5FEB2026,6.58,12.5
390,2025-12-06,Pendle PT,ethereum,PT-iUSD-19FEB2026,10,12.5
391,2025-12-06,Pendle PT,ethereum,PT-sNUSD-5MAR2026,18,12.5
392,2025-12-06,Pendle PT,ethereum,PT-sUSDE-5FEB2026,6.56,12.5
393,2025-12-06,Uniswap MM,arbitrum,ETH/USDC,10.92,12.5
394,2025-12-06,Uniswap MM,mainnet,ETH/USDC,7.58,12.5
395,2025-12-06,Uniswap MM,arbitrum,WBTC/USDC,12.48,12.5
396,2025-12-07,Pendle LP,ethereum,PT-sNUSD-5MAR2026,25.26,8.33
397,2025-12-07,Pendle PT,ethereum,PT-iUSD-19FEB2026,10,8.33
398,2025-12-07,Pendle PT,ethereum,PT-sNUSD-5MAR2026,18,8.33
399,2025-12-07,Pendle PT,ethereum,PT-sUSDE-5FEB2026,6.56,8.33
400,2025-12-07,Uniswap MM,arbitrum,ETH/USDC,32.09,8.33
401,2025-12-07,Uniswap MM,mainnet,ETH/USDC,21.24,8.33
402,2025-12-07,Uniswap MM,unichain,ETH/USDC,10.76,8.33
403,2025-12-07,Uniswap MM,arbitrum,ETH/USDT,13.03,8.33
404,2025-12-07,Uniswap MM,arbitrum,WBTC/USDC,35.85,8.33
405,2025-12-07,Uniswap MM,unichain,WBTC/USDC,15.99,8.33
406,2025-12-07,Uniswap MM,mainnet,WBTC/USDT,14.83,8.33
407,2025-12-07,Uniswap MM,unichain,WBTC/USDT,9.89,8.33
408,2025-12-08,Pendle LP,ethereum,PT-sNUSD-5MAR2026,25.22,8.33
409,2025-12-08,Pendle PT,ethereum,PT-iUSD-19FEB2026,10,8.33
410,2025-12-08,Pendle PT,ethereum,PT-sNUSD-5MAR2026,18,8.33
411,2025-12-08,Pendle PT,ethereum,PT-sUSDE-5FEB2026,6.56,8.33
412,2025-12-08,Uniswap MM,arbitrum,ETH/USDC,40.79,8.33
413,2025-12-08,Uniswap MM,mainnet,ETH/USDC,19.79,8.33
414,2025-12-08,Uniswap MM,unichain,ETH/USDC,11.71,8.33
415,2025-12-08,Uniswap MM,arbitrum,ETH/USDT,14.42,8.33
416,2025-12-08,Uniswap MM,arbitrum,WBTC/USDC,41.35,8.33
417,2025-12-08,Uniswap MM,unichain,WBTC/USDC,13.32,8.33
418,2025-12-08,Uniswap MM,mainnet,WBTC/USDT,13.14,8.33
419,2025-12-08,Uniswap MM,unichain,WBTC/USDT,10.73,8.33
420,2025-12-09,Pendle LP,ethereum,PT-sNUSD-5MAR2026,9.92,7.14
421,2025-12-09,Pendle PT,ethereum,PT-iUSD-19FEB2026,10,7.14
422,2025-12-09,Pendle PT,ethereum,PT-sNUSD-5MAR2026,18,7.14
423,2025-12-09,Pendle PT,ethereum,PT-sUSDE-5FEB2026,6.56,7.14
424,2025-12-09,Uniswap MM,arbitrum,ETH/USDC,34.99,7.14
425,2025-12-09,Uniswap MM,mainnet,ETH/USDC,23.51,7.14
426,2025-12-09,Uniswap MM,unichain,ETH/USDC,14.18,7.14
427,2025-12-09,Uniswap MM,arbitrum,ETH/USDT,18.99,7.14
428,2025-12-09,Uniswap MM,mainnet,ETH/USDT,8.56,7.14
429,2025-12-09,Uniswap MM,arbitrum,WBTC/USDC,45.18,7.14
430,2025-12-09,Uniswap MM,mainnet,WBTC/USDC,7.53,7.14
431,2025-12-09,Uniswap MM,unichain,WBTC/USDC,14.92,7.14
432,2025-12-09,Uniswap MM,mainnet,WBTC/USDT,15.6,7.14
433,2025-12-09,Uniswap MM,unichain,WBTC/USDT,10.83,7.14
434,2025-12-10,Pendle LP,ethereum,PT-sNUSD-5MAR2026,11.21,7.14
435,2025-12-10,Pendle PT,ethereum,PT-iUSD-19FEB2026,10,7.14
436,2025-12-10,Pendle PT,ethereum,PT-sNUSD-5MAR2026,18,7.14
437,2025-12-10,Pendle PT,ethereum,PT-sUSDE-5FEB2026,6.56,7.14
438,2025-12-10,Uniswap MM,arbitrum,ETH/USDC,37.33,7.14
439,2025-12-10,Uniswap MM,mainnet,ETH/USDC,27.57,7.14
440,2025-12-10,Uniswap MM,unichain,ETH/USDC,24.08,7.14
441,2025-12-10,Uniswap MM,arbitrum,ETH/USDT,26.9,7.14
442,2025-12-10,Uniswap MM,mainnet,ETH/USDT,9.35,7.14
443,2025-12-10,Uniswap MM,arbitrum,WBTC/USDC,49.09,7.14
444,2025-12-10,Uniswap MM,mainnet,WBTC/USDC,9.24,7.14
445,2025-12-10,Uniswap MM,unichain,WBTC/USDC,24.29,7.14
446,2025-12-10,Uniswap MM,mainnet,WBTC/USDT,18.8,7.14
447,2025-12-10,Uniswap MM,unichain,WBTC/USDT,15.56,7.14
448,2025-12-11,Pendle LP,ethereum,PT-reUSDe-25JUN2026,22.78,6.25
449,2025-12-11,Pendle LP,ethereum,PT-sNUSD-5MAR2026,13.32,6.25
450,2025-12-11,Pendle PT,ethereum,PT-iUSD-19FEB2026,10,6.25
451,2025-12-11,Pendle PT,ethereum,PT-reUSDe-25JUN2026,20,6.25
452,2025-12-11,Pendle PT,ethereum,PT-sNUSD-5MAR2026,18,6.25
453,2025-12-11,Pendle PT,ethereum,PT-sUSDE-5FEB2026,6.56,6.25
454,2025-12-11,Uniswap MM,arbitrum,ETH/USDC,33.96,6.25
455,2025-12-11,Uniswap MM,mainnet,ETH/USDC,24.02,6.25
456,2025-12-11,Uniswap MM,unichain,ETH/USDC,14.06,6.25
457,2025-12-11,Uniswap MM,arbitrum,ETH/USDT,19.73,6.25
458,2025-12-11,Uniswap MM,mainnet,ETH/USDT,8.15,6.25
459,2025-12-11,Uniswap MM,arbitrum,WBTC/USDC,53.54,6.25
460,2025-12-11,Uniswap MM,mainnet,WBTC/USDC,7.99,6.25
461,2025-12-11,Uniswap MM,unichain,WBTC/USDC,19,6.25
462,2025-12-11,Uniswap MM,mainnet,WBTC/USDT,18.66,6.25
463,2025-12-11,Uniswap MM,unichain,WBTC/USDT,13.67,6.25
464,2025-12-12,Pendle LP,ethereum,PT-reUSDe-25JUN2026,20.4,7.14
465,2025-12-12,Pendle LP,ethereum,PT-sNUSD-5MAR2026,14.37,7.14
466,2025-12-12,Pendle PT,ethereum,PT-iUSD-19FEB2026,10,7.14
467,2025-12-12,Pendle PT,ethereum,PT-reUSDe-25JUN2026,20,7.14
468,2025-12-12,Pendle PT,ethereum,PT-sNUSD-5MAR2026,18,7.14
469,2025-12-12,Pendle PT,ethereum,PT-sUSDE-5FEB2026,6.56,7.14
470,2025-12-12,Uniswap MM,arbitrum,ETH/USDC,26.17,7.14
471,2025-12-12,Uniswap MM,mainnet,ETH/USDC,18.81,7.14
472,2025-12-12,Uniswap MM,unichain,ETH/USDC,11.47,7.14
473,2025-12-12,Uniswap MM,arbitrum,ETH/USDT,13.98,7.14
474,2025-12-12,Uniswap MM,arbitrum,WBTC/USDC,38.34,7.14
475,2025-12-12,Uniswap MM,unichain,WBTC/USDC,11.34,7.14
476,2025-12-12,Uniswap MM,mainnet,WBTC/USDT,11.01,7.14
477,2025-12-12,Uniswap MM,unichain,WBTC/USDT,8.31,7.14
478,2025-12-13,Pendle LP,ethereum,PT-reUSDe-25JUN2026,19.53,16.67
479,2025-12-13,Pendle LP,ethereum,PT-sNUSD-5MAR2026,15.85,16.67
480,2025-12-13,Pendle PT,ethereum,PT-iUSD-19FEB2026,10,16.67
481,2025-12-13,Pendle PT,ethereum,PT-reUSDe-25JUN2026,20,16.67
482,2025-12-13,Pendle PT,ethereum,PT-sNUSD-5MAR2026,18,16.67
483,2025-12-13,Pendle PT,ethereum,PT-sUSDE-5FEB2026,6.56,16.67
484,2025-12-14,Pendle LP,ethereum,PT-reUSDe-25JUN2026,19.08,8.33
485,2025-12-14,Pendle LP,ethereum,PT-sNUSD-5MAR2026,17.16,8.33
486,2025-12-14,Pendle PT,ethereum,PT-iUSD-19FEB2026,10,8.33
487,2025-12-14,Pendle PT,ethereum,PT-reUSDe-25JUN2026,20,8.33
488,2025-12-14,Pendle PT,ethereum,PT-sNUSD-5MAR2026,18,8.33
489,2025-12-14,Pendle PT,ethereum,PT-sUSDE-5FEB2026,6.56,8.33
490,2025-12-14,Uniswap MM,arbitrum,ETH/USDC,14.54,8.33
491,2025-12-14,Uniswap MM,mainnet,ETH/USDC,12.66,8.33
492,2025-12-14,Uniswap MM,arbitrum,ETH/USDT,7.95,8.33
493,2025-12-14,Uniswap MM,arbitrum,WBTC/USDC,21.7,8.33
494,2025-12-14,Uniswap MM,unichain,WBTC/USDC,6.81,8.33
495,2025-12-14,Uniswap MM,arbitrum,WBTC/USDT,6.55,8.33
496,2025-12-15,Pendle LP,ethereum,PT-reUSDe-25JUN2026,52.43,5.88
497,2025-12-15,Pendle LP,ethereum,PT-sNUSD-5MAR2026,18.31,5.88
498,2025-12-15,Pendle PT,ethereum,PT-iUSD-19FEB2026,10,5.88
499,2025-12-15,Pendle PT,ethereum,PT-reUSDe-25JUN2026,20,5.88
500,2025-12-15,Pendle PT,ethereum,PT-sNUSD-5MAR2026,18,5.88
501,2025-12-15,Pendle PT,ethereum,PT-sUSDE-5FEB2026,6.56,5.88
502,2025-12-15,Uniswap MM,arbitrum,ETH/USDC,31.46,5.88
503,2025-12-15,Uniswap MM,mainnet,ETH/USDC,32.98,5.88
504,2025-12-15,Uniswap MM,unichain,ETH/USDC,12.6,5.88
505,2025-12-15,Uniswap MM,arbitrum,ETH/USDT,32.23,5.88
506,2025-12-15,Uniswap MM,mainnet,ETH/USDT,12.18,5.88
507,2025-12-15,Uniswap MM,arbitrum,WBTC/USDC,44.02,5.88
508,2025-12-15,Uniswap MM,mainnet,WBTC/USDC,6.6,5.88
509,2025-12-15,Uniswap MM,unichain,WBTC/USDC,17.85,5.88
510,2025-12-15,Uniswap MM,arbitrum,WBTC/USDT,13.41,5.88
511,2025-12-15,Uniswap MM,mainnet,WBTC/USDT,16.55,5.88
512,2025-12-15,Uniswap MM,unichain,WBTC/USDT,15.88,5.88
513,2025-12-16,Pendle LP,ethereum,PT-reUSDe-25JUN2026,29.83,6.25
514,2025-12-16,Pendle LP,ethereum,PT-sNUSD-5MAR2026,18.76,6.25
515,2025-12-16,Pendle PT,ethereum,PT-iUSD-19FEB2026,10,6.25
516,2025-12-16,Pendle PT,ethereum,PT-reUSDe-25JUN2026,20,6.25
517,2025-12-16,Pendle PT,ethereum,PT-sNUSD-5MAR2026,18,6.25
518,2025-12-16,Pendle PT,ethereum,PT-sUSDE-5FEB2026,6.56,6.25
519,2025-12-16,Uniswap MM,arbitrum,ETH/USDC,18.45,6.25
520,2025-12-16,Uniswap MM,mainnet,ETH/USDC,22.42,6.25
521,2025-12-16,Uniswap MM,unichain,ETH/USDC,8.86,6.25
522,2025-12-16,Uniswap MM,arbitrum,ETH/USDT,33.53,6.25
523,2025-12-16,Uniswap MM,mainnet,ETH/USDT,12.27,6.25
524,2025-12-16,Uniswap MM,arbitrum,WBTC/USDC,44.3,6.25
525,2025-12-16,Uniswap MM,unichain,WBTC/USDC,13.72,6.25
526,2025-12-16,Uniswap MM,arbitrum,WBTC/USDT,12.8,6.25
527,2025-12-16,Uniswap MM,mainnet,WBTC/USDT,13.26,6.25
528,2025-12-16,Uniswap MM,unichain,WBTC/USDT,14.03,6.25
529,2025-12-17,Pendle LP,ethereum,PT-reUSDe-25JUN2026,28.69,5.88
530,2025-12-17,Pendle LP,ethereum,PT-sNUSD-5MAR2026,17.82,5.88
531,2025-12-17,Pendle PT,ethereum,PT-iUSD-19FEB2026,10,5.88
532,2025-12-17,Pendle PT,ethereum,PT-reUSDe-25JUN2026,20,5.88
533,2025-12-17,Pendle PT,ethereum,PT-sNUSD-5MAR2026,18,5.88
534,2025-12-17,Pendle PT,ethereum,PT-sUSDE-5FEB2026,6.56,5.88
535,2025-12-17,Uniswap MM,arbitrum,ETH/USDC,22.41,5.88
536,2025-12-17,Uniswap MM,mainnet,ETH/USDC,23.24,5.88
537,2025-12-17,Uniswap MM,unichain,ETH/USDC,10.32,5.88
538,2025-12-17,Uniswap MM,arbitrum,ETH/USDT,30.1,5.88
539,2025-12-17,Uniswap MM,mainnet,ETH/USDT,14.48,5.88
540,2025-12-17,Uniswap MM,arbitrum,WBTC/USDC,55.03,5.88
541,2025-12-17,Uniswap MM,mainnet,WBTC/USDC,11.98,5.88
542,2025-12-17,Uniswap MM,unichain,WBTC/USDC,20.89,5.88
543,2025-12-17,Uniswap MM,arbitrum,WBTC/USDT,14.84,5.88
544,2025-12-17,Uniswap MM,mainnet,WBTC/USDT,21.03,5.88
545,2025-12-17,Uniswap MM,unichain,WBTC/USDT,16.44,5.88
546,2025-12-18,Pendle LP,ethereum,PT-reUSDe-25JUN2026,26.63,5.56
547,2025-12-18,Pendle LP,ethereum,PT-sNUSD-5MAR2026,16.93,5.56
548,2025-12-18,Pendle LP,ethereum,PT-uniBTC-19FEB2026,15.21,5.56
549,2025-12-18,Pendle PT,ethereum,PT-iUSD-19FEB2026,10,5.56
550,2025-12-18,Pendle PT,ethereum,PT-reUSDe-25JUN2026,20,5.56
551,2025-12-18,Pendle PT,ethereum,PT-sNUSD-5MAR2026,18,5.56
552,2025-12-18,Pendle PT,ethereum,PT-sUSDE-5FEB2026,6.56,5.56
553,2025-12-18,Uniswap MM,arbitrum,ETH/USDC,25.05,5.56
554,2025-12-18,Uniswap MM,mainnet,ETH/USDC,27.5,5.56
555,2025-12-18,Uniswap MM,unichain,ETH/USDC,10.79,5.56
556,2025-12-18,Uniswap MM,arbitrum,ETH/USDT,28.24,5.56
557,2025-12-18,Uniswap MM,mainnet,ETH/USDT,16.28,5.56
558,2025-12-18,Uniswap MM,arbitrum,WBTC/USDC,64.22,5.56
559,2025-12-18,Uniswap MM,mainnet,WBTC/USDC,11.55,5.56
560,2025-12-18,Uniswap MM,unichain,WBTC/USDC,25.34,5.56
561,2025-12-18,Uniswap MM,arbitrum,WBTC/USDT,18.68,5.56
562,2025-12-18,Uniswap MM,mainnet,WBTC/USDT,21.02,5.56
563,2025-12-18,Uniswap MM,unichain,WBTC/USDT,16.59,5.56
564,2025-12-19,Pendle LP,ethereum,PT-reUSDe-25JUN2026,24.03,5.56
565,2025-12-19,Pendle LP,ethereum,PT-sNUSD-5MAR2026,16.07,5.56
566,2025-12-19,Pendle LP,ethereum,PT-uniBTC-19FEB2026,9.03,5.56
567,2025-12-19,Pendle PT,ethereum,PT-iUSD-19FEB2026,10,5.56
568,2025-12-19,Pendle PT,ethereum,PT-reUSDe-25JUN2026,20,5.56
569,2025-12-19,Pendle PT,ethereum,PT-sNUSD-5MAR2026,18,5.56
570,2025-12-19,Pendle PT,ethereum,PT-sUSDE-5FEB2026,6.56,5.56
571,2025-12-19,Uniswap MM,arbitrum,ETH/USDC,21.11,5.56
572,2025-12-19,Uniswap MM,mainnet,ETH/USDC,23.14,5.56
573,2025-12-19,Uniswap MM,unichain,ETH/USDC,9.1,5.56
574,2025-12-19,Uniswap MM,arbitrum,ETH/USDT,19.12,5.56
575,2025-12-19,Uniswap MM,mainnet,ETH/USDT,12.93,5.56
576,2025-12-19,Uniswap MM,arbitrum,WBTC/USDC,55.61,5.56
577,2025-12-19,Uniswap MM,mainnet,WBTC/USDC,9.17,5.56
578,2025-12-19,Uniswap MM,unichain,WBTC/USDC,18.09,5.56
579,2025-12-19,Uniswap MM,arbitrum,WBTC/USDT,8.21,5.56
580,2025-12-19,Uniswap MM,mainnet,WBTC/USDT,17.37,5.56
581,2025-12-19,Uniswap MM,unichain,WBTC/USDT,17.58,5.56
582,2025-12-20,Pendle LP,ethereum,PT-reUSDe-25JUN2026,22.9,16.67
583,2025-12-20,Pendle LP,ethereum,PT-sNUSD-5MAR2026,15.88,16.67
584,2025-12-20,Pendle PT,ethereum,PT-iUSD-19FEB2026,10,16.67
585,2025-12-20,Pendle PT,ethereum,PT-reUSDe-25JUN2026,20,16.67
586,2025-12-20,Pendle PT,ethereum,PT-sNUSD-5MAR2026,18,16.67
587,2025-12-20,Pendle PT,ethereum,PT-sUSDE-5FEB2026,6.56,16.67
588,2025-12-21,Pendle LP,ethereum,PT-reUSDe-25JUN2026,21.83,11.11
589,2025-12-21,Pendle LP,ethereum,PT-sNUSD-5MAR2026,15.66,11.11
590,2025-12-21,Pendle PT,ethereum,PT-iUSD-19FEB2026,10,11.11
591,2025-12-21,Pendle PT,ethereum,PT-reUSDe-25JUN2026,20,11.11
592,2025-12-21,Pendle PT,ethereum,PT-sNUSD-5MAR2026,18,11.11
593,2025-12-21,Pendle PT,ethereum,PT-sUSDE-5FEB2026,6.56,11.11
594,2025-12-21,Uniswap MM,arbitrum,ETH/USDC,7.1,11.11
595,2025-12-21,Uniswap MM,arbitrum,WBTC/USDC,15.41,11.11
596,2025-12-21,Uniswap MM,mainnet,WBTC/USDT,8.08,11.11
597,2025-12-22,Pendle LP,ethereum,PT-reUSDe-25JUN2026,18.6,6.25
598,2025-12-22,Pendle LP,ethereum,PT-sNUSD-5MAR2026,15.43,6.25
599,2025-12-22,Pendle PT,ethereum,PT-iUSD-19FEB2026,10,6.25
600,2025-12-22,Pendle PT,ethereum,PT-reUSDe-25JUN2026,20,6.25
601,2025-12-22,Pendle PT,ethereum,PT-sNUSD-5MAR2026,18,6.25
602,2025-12-22,Pendle PT,ethereum,PT-sUSDE-5FEB2026,6.56,6.25
603,2025-12-22,Uniswap MM,arbitrum,ETH/USDC,25.34,6.25
604,2025-12-22,Uniswap MM,mainnet,ETH/USDC,16.07,6.25
605,2025-12-22,Uniswap MM,unichain,ETH/USDC,7.92,6.25
606,2025-12-22,Uniswap MM,arbitrum,ETH/USDT,11.71,6.25
607,2025-12-22,Uniswap MM,mainnet,ETH/USDT,8.65,6.25
608,2025-12-22,Uniswap MM,arbitrum,WBTC/USDC,44.44,6.25
609,2025-12-22,Uniswap MM,mainnet,WBTC/USDC,7.96,6.25
610,2025-12-22,Uniswap MM,unichain,WBTC/USDC,15.04,6.25
611,2025-12-22,Uniswap MM,mainnet,WBTC/USDT,15.43,6.25
612,2025-12-22,Uniswap MM,unichain,WBTC/USDT,9.94,6.25
613,2025-12-23,Pendle LP,ethereum,PT-reUSDe-25JUN2026,18.22,7.14
614,2025-12-23,Pendle LP,ethereum,PT-sNUSD-5MAR2026,13.83,7.14
615,2025-12-23,Pendle PT,ethereum,PT-iUSD-19FEB2026,10,7.14
616,2025-12-23,Pendle PT,ethereum,PT-reUSDe-25JUN2026,20,7.14
617,2025-12-23,Pendle PT,ethereum,PT-sNUSD-5MAR2026,18,7.14
618,2025-12-23,Pendle PT,ethereum,PT-sUSDE-5FEB2026,6.56,7.14
619,2025-12-23,Uniswap MM,arbitrum,ETH/USDC,13.4,7.14
620,2025-12-23,Uniswap MM,mainnet,ETH/USDC,12.47,7.14
621,2025-12-23,Uniswap MM,arbitrum,ETH/USDT,9.45,7.14
622,2025-12-23,Uniswap MM,mainnet,ETH/USDT,7.01,7.14
623,2025-12-23,Uniswap MM,arbitrum,WBTC/USDC,34.67,7.14
624,2025-12-23,Uniswap MM,unichain,WBTC/USDC,10.2,7.14
625,2025-12-23,Uniswap MM,mainnet,WBTC/USDT,10.13,7.14
626,2025-12-23,Uniswap MM,unichain,WBTC/USDT,8.11,7.14
627,2025-12-24,Pendle LP,ethereum,PT-reUSDe-25JUN2026,18.34,10
628,2025-12-24,Pendle LP,ethereum,PT-sNUSD-5MAR2026,13.62,10
629,2025-12-24,Pendle PT,ethereum,PT-iUSD-19FEB2026,10,10
630,2025-12-24,Pendle PT,ethereum,PT-reUSDe-25JUN2026,20,10
631,2025-12-24,Pendle PT,ethereum,PT-sNUSD-5MAR2026,18,10
632,2025-12-24,Pendle PT,ethereum,PT-sUSDE-5FEB2026,6.56,10
633,2025-12-24,Uniswap MM,arbitrum,ETH/USDC,7.31,10
634,2025-12-24,Uniswap MM,mainnet,ETH/USDC,7.41,10
635,2025-12-24,Uniswap MM,arbitrum,WBTC/USDC,19.21,10
636,2025-12-24,Uniswap MM,unichain,WBTC/USDT,7.82,10
637,2025-12-25,Pendle LP,ethereum,PT-reUSDe-25JUN2026,21.85,14.29
638,2025-12-25,Pendle LP,ethereum,PT-sNUSD-5MAR2026,13.27,14.29
639,2025-12-25,Pendle PT,ethereum,PT-iUSD-19FEB2026,10,14.29
640,2025-12-25,Pendle PT,ethereum,PT-reUSDe-25JUN2026,20,14.29
641,2025-12-25,Pendle PT,ethereum,PT-sNUSD-5MAR2026,18,14.29
642,2025-12-25,Pendle PT,ethereum,PT-sUSDE-5FEB2026,6.56,14.29
643,2025-12-25,Uniswap MM,arbitrum,WBTC/USDC,12.89,14.29
644,2025-12-26,Pendle LP,ethereum,PT-reUSDe-25JUN2026,22.04,7.14
645,2025-12-26,Pendle LP,ethereum,PT-sNUSD-5MAR2026,13.58,7.14
646,2025-12-26,Pendle PT,ethereum,PT-iUSD-19FEB2026,10,7.14
647,2025-12-26,Pendle PT,ethereum,PT-reUSDe-25JUN2026,20,7.14
648,2025-12-26,Pendle PT,ethereum,PT-sNUSD-5MAR2026,18,7.14
649,2025-12-26,Pendle PT,ethereum,PT-sUSDE-5FEB2026,6.56,7.14
650,2025-12-26,Uniswap MM,arbitrum,ETH/USDC,10.67,7.14
651,2025-12-26,Uniswap MM,mainnet,ETH/USDC,9.95,7.14
652,2025-12-26,Uniswap MM,arbitrum,ETH/USDT,7.14,7.14
653,2025-12-26,Uniswap MM,arbitrum,WBTC/USDC,31.35,7.14
654,2025-12-26,Uniswap MM,mainnet,WBTC/USDC,10.01,7.14
655,2025-12-26,Uniswap MM,unichain,WBTC/USDC,10.89,7.14
656,2025-12-26,Uniswap MM,mainnet,WBTC/USDT,16.45,7.14
657,2025-12-26,Uniswap MM,unichain,WBTC/USDT,7.37,7.14
658,2025-12-27,Pendle LP,ethereum,PT-reUSDe-25JUN2026,21.82,16.67
659,2025-12-27,Pendle LP,ethereum,PT-sNUSD-5MAR2026,13.63,16.67
660,2025-12-27,Pendle PT,ethereum,PT-iUSD-19FEB2026,10,16.67
661,2025-12-27,Pendle PT,ethereum,PT-reUSDe-25JUN2026,20,16.67
662,2025-12-27,Pendle PT,ethereum,PT-sNUSD-5MAR2026,18,16.67
663,2025-12-27,Pendle PT,ethereum,PT-sUSDE-5FEB2026,6.56,16.67
664,2025-12-28,Pendle LP,ethereum,PT-reUSDe-25JUN2026,21.36,16.67
665,2025-12-28,Pendle LP,ethereum,PT-sNUSD-5MAR2026,13.77,16.67
666,2025-12-28,Pendle PT,ethereum,PT-iUSD-19FEB2026,10,16.67
667,2025-12-28,Pendle PT,ethereum,PT-reUSDe-25JUN2026,20,16.67
668,2025-12-28,Pendle PT,ethereum,PT-sNUSD-5MAR2026,18,16.67
669,2025-12-28,Pendle PT,ethereum,PT-sUSDE-5FEB2026,6.56,16.67
670,2025-12-29,Pendle LP,ethereum,PT-reUSDe-25JUN2026,23.44,6.67
671,2025-12-29,Pendle LP,ethereum,PT-sNUSD-5MAR2026,13.95,6.67
672,2025-12-29,Pendle PT,ethereum,PT-iUSD-19FEB2026,10,6.67
673,2025-12-29,Pendle PT,ethereum,PT-reUSDe-25JUN2026,20,6.67
674,2025-12-29,Pendle PT,ethereum,PT-sNUSD-5MAR2026,18,6.67
675,2025-12-29,Pendle PT,ethereum,PT-sUSDE-5FEB2026,6.56,6.67
676,2025-12-29,Uniswap MM,arbitrum,ETH/USDC,17.7,6.67
677,2025-12-29,Uniswap MM,mainnet,ETH/USDC,13.07,6.67
678,2025-12-29,Uniswap MM,arbitrum,ETH/USDT,11.65,6.67
679,2025-12-29,Uniswap MM,mainnet,ETH/USDT,7.77,6.67
680,2025-12-29,Uniswap MM,arbitrum,WBTC/USDC,34.31,6.67
681,2025-12-29,Uniswap MM,mainnet,WBTC/USDC,9.95,6.67
682,2025-12-29,Uniswap MM,unichain,WBTC/USDC,12.65,6.67
683,2025-12-29,Uniswap MM,mainnet,WBTC/USDT,12.75,6.67
684,2025-12-29,Uniswap MM,unichain,WBTC/USDT,7.17,6.67
685,2025-12-30,Pendle LP,ethereum,PT-reUSDe-25JUN2026,22.61,8.33
686,2025-12-30,Pendle LP,ethereum,PT-sNUSD-5MAR2026,13.99,8.33
687,2025-12-30,Pendle PT,ethereum,PT-iUSD-19FEB2026,10,8.33
688,2025-12-30,Pendle PT,ethereum,PT-reUSDe-25JUN2026,20,8.33
689,2025-12-30,Pendle PT,ethereum,PT-sNUSD-5MAR2026,18,8.33
690,2025-12-30,Pendle PT,ethereum,PT-sUSDE-5FEB2026,6.56,8.33
691,2025-12-30,Uniswap MM,arbitrum,ETH/USDC,10.44,8.33
692,2025-12-30,Uniswap MM,mainnet,ETH/USDC,7.65,8.33
693,2025-12-30,Uniswap MM,arbitrum,ETH/USDT,9.06,8.33
694,2025-12-30,Uniswap MM,arbitrum,WBTC/USDC,26.49,8.33
695,2025-12-30,Uniswap MM,unichain,WBTC/USDC,7.95,8.33
696,2025-12-30,Uniswap MM,mainnet,WBTC/USDT,7.23,8.33
697,2025-12-31,Pendle LP,ethereum,PT-reUSDe-25JUN2026,21.36,11.11
698,2025-12-31,Pendle LP,ethereum,PT-sNUSD-5MAR2026,14.25,11.11
699,2025-12-31,Pendle PT,ethereum,PT-iUSD-19FEB2026,10,11.11
700,2025-12-31,Pendle PT,ethereum,PT-reUSDe-25JUN2026,20,11.11
701,2025-12-31,Pendle PT,ethereum,PT-sNUSD-5MAR2026,18,11.11
702,2025-12-31,Pendle PT,ethereum,PT-sUSDE-5FEB2026,6.56,11.11
703,2025-12-31,Pendle PT,ethereum,PT-srUSDe-2APR2026,6.53,11.11
704,2025-12-31,Uniswap MM,arbitrum,ETH/USDC,8.97,11.11
705,2025-12-31,Uniswap MM,arbitrum,WBTC/USDC,16.64,11.11
706,2026-01-01,Pendle LP,ethereum,PT-reUSDe-25JUN2026,18.95,11.11
707,2026-01-01,Pendle LP,ethereum,PT-sNUSD-5MAR2026,15.59,11.11
708,2026-01-01,Pendle LP,ethereum,PT-srUSDe-2APR2026,9.08,11.11
709,2026-01-01,Pendle PT,ethereum,PT-iUSD-19FEB2026,10,11.11
710,2026-01-01,Pendle PT,ethereum,PT-reUSDe-25JUN2026,20,11.11
711,2026-01-01,Pendle PT,ethereum,PT-sNUSD-5MAR2026,18,11.11
712,2026-01-01,Pendle PT,ethereum,PT-sUSDE-5FEB2026,6.56,11.11
713,2026-01-01,Pendle PT,ethereum,PT-srUSDe-2APR2026,6.53,11.11
714,2026-01-01,Uniswap MM,arbitrum,WBTC/USDC,6.8,11.11
715,2026-01-02,Pendle LP,ethereum,PT-reUSDe-25JUN2026,19.46,5.88
716,2026-01-02,Pendle LP,ethereum,PT-sNUSD-5MAR2026,15.86,5.88
717,2026-01-02,Pendle PT,ethereum,PT-iUSD-19FEB2026,10,5.88
718,2026-01-02,Pendle PT,ethereum,PT-reUSDe-25JUN2026,20,5.88
719,2026-01-02,Pendle PT,ethereum,PT-sNUSD-5MAR2026,18,5.88
720,2026-01-02,Pendle PT,ethereum,PT-sUSDE-5FEB2026,6.56,5.88
721,2026-01-02,Pendle PT,ethereum,PT-srUSDe-2APR2026,6.53,5.88
722,2026-01-02,Uniswap MM,arbitrum,ETH/USDC,25.28,5.88
723,2026-01-02,Uniswap MM,mainnet,ETH/USDC,13.06,5.88
724,2026-01-02,Uniswap MM,unichain,ETH/USDC,6.76,5.88
725,2026-01-02,Uniswap MM,arbitrum,ETH/USDT,15.01,5.88
726,2026-01-02,Uniswap MM,mainnet,ETH/USDT,7.18,5.88
727,2026-01-02,Uniswap MM,arbitrum,WBTC/USDC,38.39,5.88
728,2026-01-02,Uniswap MM,mainnet,WBTC/USDC,10.12,5.88
729,2026-01-02,Uniswap MM,unichain,WBTC/USDC,13.39,5.88
730,2026-01-02,Uniswap MM,mainnet,WBTC/USDT,13.32,5.88
731,2026-01-02,Uniswap MM,unichain,WBTC/USDT,6.68,5.88
732,2026-01-03,Pendle LP,ethereum,PT-reUSDe-25JUN2026,19.46,11.11
733,2026-01-03,Pendle LP,ethereum,PT-sNUSD-5MAR2026,15.8,11.11
734,2026-01-03,Pendle PT,ethereum,PT-iUSD-19FEB2026,10,11.11
735,2026-01-03,Pendle PT,ethereum,PT-reUSDe-25JUN2026,20,11.11
736,2026-01-03,Pendle PT,ethereum,PT-sNUSD-5MAR2026,18,11.11
737,2026-01-03,Pendle PT,ethereum,PT-sUSDE-5FEB2026,6.56,11.11
738,2026-01-03,Pendle PT,ethereum,PT-srUSDe-2APR2026,6.53,11.11
739,2026-01-03,Uniswap MM,arbitrum,ETH/USDC,6.82,11.11
740,2026-01-03,Uniswap MM,arbitrum,WBTC/USDC,10.85,11.11
741,2026-01-04,Pendle LP,ethereum,PT-reUSDe-25JUN2026,19.34,10
742,2026-01-04,Pendle LP,ethereum,PT-sNUSD-5MAR2026,15.91,10
743,2026-01-04,Pendle PT,ethereum,PT-iUSD-19FEB2026,10,10
744,2026-01-04,Pendle PT,ethereum,PT-reUSDe-25JUN2026,20,10
745,2026-01-04,Pendle PT,ethereum,PT-sNUSD-5MAR2026,18,10
746,2026-01-04,Pendle PT,ethereum,PT-sUSDE-5FEB2026,6.56,10
747,2026-01-04,Pendle PT,ethereum,PT-srUSDe-2APR2026,6.53,10
748,2026-01-04,Uniswap MM,arbitrum,ETH/USDC,10.15,10
749,2026-01-04,Uniswap MM,arbitrum,ETH/USDT,6.51,10
750,2026-01-04,Uniswap MM,arbitrum,WBTC/USDC,14.59,10
751,2026-01-05,Pendle LP,ethereum,PT-reUSDe-25JUN2026,15.87,6.25
752,2026-01-05,Pendle LP,ethereum,PT-sNUSD-5MAR2026,16.01,6.25
753,2026-01-05,Pendle PT,ethereum,PT-iUSD-19FEB2026,10,6.25
754,2026-01-05,Pendle PT,ethereum,PT-reUSDe-25JUN2026,20,6.25
755,2026-01-05,Pendle PT,ethereum,PT-sNUSD-5MAR2026,18,6.25
756,2026-01-05,Pendle PT,ethereum,PT-sUSDE-5FEB2026,6.56,6.25
757,2026-01-05,Pendle PT,ethereum,PT-srUSDe-2APR2026,6.53,6.25
758,2026-01-05,Uniswap MM,arbitrum,ETH/USDC,24.82,6.25
759,2026-01-05,Uniswap MM,mainnet,ETH/USDC,23.06,6.25
760,2026-01-05,Uniswap MM,unichain,ETH/USDC,7,6.25
761,2026-01-05,Uniswap MM,arbitrum,ETH/USDT,16.39,6.25
762,2026-01-05,Uniswap MM,mainnet,ETH/USDT,7.42,6.25
763,2026-01-05,Uniswap MM,arbitrum,WBTC/USDC,32.85,6.25
764,2026-01-05,Uniswap MM,mainnet,WBTC/USDC,8.26,6.25
765,2026-01-05,Uniswap MM,unichain,WBTC/USDC,10.11,6.25
766,2026-01-05,Uniswap MM,mainnet,WBTC/USDT,11.82,6.25
767,2026-01-06,Pendle LP,ethereum,PT-reUSDe-25JUN2026,15.68,6.25
768,2026-01-06,Pendle LP,ethereum,PT-sNUSD-5MAR2026,15.79,6.25
769,2026-01-06,Pendle PT,ethereum,PT-iUSD-19FEB2026,10,6.25
770,2026-01-06,Pendle PT,ethereum,PT-reUSDe-25JUN2026,20,6.25
771,2026-01-06,Pendle PT,ethereum,PT-sNUSD-5MAR2026,18,6.25
772,2026-01-06,Pendle PT,ethereum,PT-sUSDE-5FEB2026,6.56,6.25
773,2026-01-06,Pendle PT,ethereum,PT-srUSDe-2APR2026,6.53,6.25
774,2026-01-06,Uniswap MM,arbitrum,ETH/USDC,24.51,6.25
775,2026-01-06,Uniswap MM,mainnet,ETH/USDC,25.72,6.25
776,2026-01-06,Uniswap MM,unichain,ETH/USDC,7.31,6.25
777,2026-01-06,Uniswap MM,arbitrum,ETH/USDT,16.06,6.25
778,2026-01-06,Uniswap MM,mainnet,ETH/USDT,8.39,6.25
779,2026-01-06,Uniswap MM,arbitrum,WBTC/USDC,34.64,6.25
780,2026-01-06,Uniswap MM,mainnet,WBTC/USDC,8.47,6.25
781,2026-01-06,Uniswap MM,unichain,WBTC/USDC,12.42,6.25
782,2026-01-06,Uniswap MM,mainnet,WBTC/USDT,13.45,6.25
783,2026-01-07,Pendle LP,ethereum,PT-reUSDe-25JUN2026,15.56,7.14
784,2026-01-07,Pendle LP,ethereum,PT-sNUSD-5MAR2026,15.51,7.14
785,2026-01-07,Pendle PT,ethereum,PT-iUSD-19FEB2026,10,7.14
786,2026-01-07,Pendle PT,ethereum,PT-reUSDe-25JUN2026,20,7.14
787,2026-01-07,Pendle PT,ethereum,PT-sNUSD-5MAR2026,18,7.14
788,2026-01-07,Pendle PT,ethereum,PT-sUSDE-5FEB2026,6.56,7.14
789,2026-01-07,Pendle PT,ethereum,PT-srUSDe-2APR2026,6.53,7.14
790,2026-01-07,Uniswap MM,arbitrum,ETH/USDC,23.44,7.14
791,2026-01-07,Uniswap MM,mainnet,ETH/USDC,18.65,7.14
792,2026-01-07,Uniswap MM,unichain,ETH/USDC,6.73,7.14
793,2026-01-07,Uniswap MM,arbitrum,ETH/USDT,14.65,7.14
794,2026-01-07,Uniswap MM,arbitrum,WBTC/USDC,30.69,7.14
795,2026-01-07,Uniswap MM,unichain,WBTC/USDC,8.82,7.14
796,2026-01-07,Uniswap MM,mainnet,WBTC/USDT,8.15,7.14
797,2026-01-08,Pendle LP,ethereum,PT-reUSDe-25JUN2026,15.7,5.88
798,2026-01-08,Pendle LP,ethereum,PT-sNUSD-5MAR2026,14.95,5.88
799,2026-01-08,Pendle LP,ethereum,PT-srUSDe-2APR2026,6.63,5.88
800,2026-01-08,Pendle PT,ethereum,PT-iUSD-19FEB2026,10,5.88
801,2026-01-08,Pendle PT,ethereum,PT-reUSDe-25JUN2026,20,5.88
802,2026-01-08,Pendle PT,ethereum,PT-sNUSD-5MAR2026,18,5.88
803,2026-01-08,Pendle PT,ethereum,PT-sUSDE-5FEB2026,6.56,5.88
804,2026-01-08,Pendle PT,ethereum,PT-srUSDe-2APR2026,6.53,5.88
805,2026-01-08,Uniswap MM,arbitrum,ETH/USDC,23.41,5.88
806,2026-01-08,Uniswap MM,mainnet,ETH/USDC,20.81,5.88
807,2026-01-08,Uniswap MM,unichain,ETH/USDC,6.68,5.88
808,2026-01-08,Uniswap MM,arbitrum,ETH/USDT,14.28,5.88
809,2026-01-08,Uniswap MM,arbitrum,WBTC/USDC,31.69,5.88
810,2026-01-08,Uniswap MM,mainnet,WBTC/USDC,6.92,5.88
811,2026-01-08,Uniswap MM,unichain,WBTC/USDC,11.99,5.88
812,2026-01-08,Uniswap MM,mainnet,WBTC/USDT,9.9,5.88
813,2026-01-08,Uniswap MM,unichain,WBTC/USDT,7.73,5.88
814,2026-01-09,Pendle LP,ethereum,PT-reUSDe-25JUN2026,15.58,5.56
815,2026-01-09,Pendle LP,ethereum,PT-sNUSD-5MAR2026,14.76,5.56
816,2026-01-09,Pendle LP,ethereum,PT-srUSDe-2APR2026,6.53,5.56
817,2026-01-09,Pendle PT,ethereum,PT-iUSD-19FEB2026,10,5.56
818,2026-01-09,Pendle PT,ethereum,PT-reUSDe-25JUN2026,20,5.56
819,2026-01-09,Pendle PT,ethereum,PT-sNUSD-5MAR2026,18,5.56
820,2026-01-09,Pendle PT,ethereum,PT-sUSDE-5FEB2026,6.56,5.56
821,2026-01-09,Pendle PT,ethereum,PT-srUSDe-2APR2026,6.53,5.56
822,2026-01-09,Uniswap MM,arbitrum,ETH/USDC,24.6,5.56
823,2026-01-09,Uniswap MM,mainnet,ETH/USDC,23.38,5.56
824,2026-01-09,Uniswap MM,unichain,ETH/USDC,6.69,5.56
825,2026-01-09,Uniswap MM,arbitrum,ETH/USDT,14.96,5.56
826,2026-01-09,Uniswap MM,mainnet,ETH/USDT,7.36,5.56
827,2026-01-09,Uniswap MM,arbitrum,WBTC/USDC,33.32,5.56
828,2026-01-09,Uniswap MM,mainnet,WBTC/USDC,7.88,5.56
829,2026-01-09,Uniswap MM,unichain,WBTC/USDC,11.89,5.56
830,2026-01-09,Uniswap MM,mainnet,WBTC/USDT,11.61,5.56
831,2026-01-09,Uniswap MM,unichain,WBTC/USDT,6.72,5.56
832,2026-01-10,Pendle LP,ethereum,PT-reUSDe-25JUN2026,15.59,14.29
833,2026-01-10,Pendle LP,ethereum,PT-sNUSD-5MAR2026,14.39,14.29
834,2026-01-10,Pendle PT,ethereum,PT-iUSD-19FEB2026,10,14.29
835,2026-01-10,Pendle PT,ethereum,PT-reUSDe-25JUN2026,20,14.29
836,2026-01-10,Pendle PT,ethereum,PT-sNUSD-5MAR2026,18,14.29
837,2026-01-10,Pendle PT,ethereum,PT-sUSDE-5FEB2026,6.56,14.29
838,2026-01-10,Pendle PT,ethereum,PT-srUSDe-2APR2026,6.53,14.29
839,2026-01-11,Pendle LP,ethereum,PT-reUSDe-25JUN2026,15.71,10
840,2026-01-11,Pendle LP,ethereum,PT-sNUSD-5MAR2026,14.25,10
841,2026-01-11,Pendle LP,ethereum,PT-srUSDe-2APR2026,6.5,10
842,2026-01-11,Pendle PT,ethereum,PT-iUSD-19FEB2026,10,10
843,2026-01-11,Pendle PT,ethereum,PT-reUSDe-25JUN2026,20,10
844,2026-01-11,Pendle PT,ethereum,PT-sNUSD-5MAR2026,18,10
845,2026-01-11,Pendle PT,ethereum,PT-sUSDE-5FEB2026,6.56,10
846,2026-01-11,Pendle PT,ethereum,PT-srUSDe-2APR2026,6.53,10
847,2026-01-11,Uniswap MM,arbitrum,ETH/USDC,8.45,10
848,2026-01-11,Uniswap MM,arbitrum,WBTC/USDC,8.54,10
849,2026-01-12,Pendle LP,ethereum,PT-reUSDe-25JUN2026,15.59,6.67
850,2026-01-12,Pendle LP,ethereum,PT-sNUSD-5MAR2026,13.79,6.67
851,2026-01-12,Pendle PT,ethereum,PT-iUSD-19FEB2026,10,6.67
852,2026-01-12,Pendle PT,ethereum,PT-reUSDe-25JUN2026,20,6.67
853,2026-01-12,Pendle PT,ethereum,PT-sNUSD-5MAR2026,18,6.67
854,2026-01-12,Pendle PT,ethereum,PT-sUSDE-5FEB2026,6.56,6.67
855,2026-01-12,Pendle PT,ethereum,PT-srUSDe-2APR2026,6.53,6.67
856,2026-01-12,Uniswap MM,arbitrum,ETH/USDC,28.11,6.67
857,2026-01-12,Uniswap MM,mainnet,ETH/USDC,19.18,6.67
858,2026-01-12,Uniswap MM,arbitrum,ETH/USDT,14.6,6.67
859,2026-01-12,Uniswap MM,mainnet,ETH/USDT,6.92,6.67
860,2026-01-12,Uniswap MM,arbitrum,WBTC/USDC,36.52,6.67
861,2026-01-12,Uniswap MM,mainnet,WBTC/USDC,10.19,6.67
862,2026-01-12,Uniswap MM,unichain,WBTC/USDC,12.98,6.67
863,2026-01-12,Uniswap MM,mainnet,WBTC/USDT,14.72,6.67
864,2026-01-13,Pendle LP,ethereum,PT-reUSDe-25JUN2026,16.13,5.88
865,2026-01-13,Pendle LP,ethereum,PT-sNUSD-5MAR2026,13.61,5.88
866,2026-01-13,Pendle PT,ethereum,PT-iUSD-19FEB2026,10,5.88
867,2026-01-13,Pendle PT,ethereum,PT-reUSDe-25JUN2026,20,5.88
868,2026-01-13,Pendle PT,ethereum,PT-sNUSD-5MAR2026,18,5.88
869,2026-01-13,Pendle PT,ethereum,PT-sUSDE-5FEB2026,6.56,5.88
870,2026-01-13,Pendle PT,ethereum,PT-srUSDe-2APR2026,6.53,5.88
871,2026-01-13,Uniswap MM,arbitrum,ETH/USDC,31.27,5.88
872,2026-01-13,Uniswap MM,mainnet,ETH/USDC,26.74,5.88
873,2026-01-13,Uniswap MM,unichain,ETH/USDC,8.26,5.88
874,2026-01-13,Uniswap MM,arbitrum,ETH/USDT,22.65,5.88
875,2026-01-13,Uniswap MM,mainnet,ETH/USDT,8.1,5.88
876,2026-01-13,Uniswap MM,arbitrum,WBTC/USDC,40.77,5.88
877,2026-01-13,Uniswap MM,mainnet,WBTC/USDC,9.13,5.88
878,2026-01-13,Uniswap MM,unichain,WBTC/USDC,14.03,5.88
879,2026-01-13,Uniswap MM,mainnet,WBTC/USDT,29.02,5.88
880,2026-01-13,Uniswap MM,unichain,WBTC/USDT,7.86,5.88
881,2026-01-14,Pendle LP,ethereum,PT-reUSDe-25JUN2026,16.35,6.25
882,2026-01-14,Pendle LP,ethereum,PT-sNUSD-5MAR2026,13.41,6.25
883,2026-01-14,Pendle PT,ethereum,PT-iUSD-19FEB2026,10,6.25
884,2026-01-14,Pendle PT,ethereum,PT-reUSDe-25JUN2026,20,6.25
885,2026-01-14,Pendle PT,ethereum,PT-sNUSD-5MAR2026,18,6.25
886,2026-01-14,Pendle PT,ethereum,PT-sUSDE-5FEB2026,6.56,6.25
887,2026-01-14,Pendle PT,ethereum,PT-srUSDe-2APR2026,6.53,6.25
888,2026-01-14,Uniswap MM,arbitrum,ETH/USDC,33.57,6.25
889,2026-01-14,Uniswap MM,mainnet,ETH/USDC,26.26,6.25
890,2026-01-14,Uniswap MM,unichain,ETH/USDC,8.61,6.25
891,2026-01-14,Uniswap MM,arbitrum,ETH/USDT,25.19,6.25
892,2026-01-14,Uniswap MM,mainnet,ETH/USDT,6.94,6.25
893,2026-01-14,Uniswap MM,arbitrum,WBTC/USDC,28.74,6.25
894,2026-01-14,Uniswap MM,unichain,WBTC/USDC,11.14,6.25
895,2026-01-14,Uniswap MM,mainnet,WBTC/USDT,11.94,6.25
896,2026-01-14,Uniswap MM,unichain,WBTC/USDT,9.05,6.25
897,2026-01-15,Pendle LP,ethereum,PT-reUSDe-25JUN2026,14.77,6.67
898,2026-01-15,Pendle LP,ethereum,PT-sNUSD-5MAR2026,13.65,6.67
899,2026-01-15,Pendle PT,ethereum,PT-iUSD-19FEB2026,10,6.67
900,2026-01-15,Pendle PT,ethereum,PT-reUSDe-25JUN2026,20,6.67
901,2026-01-15,Pendle PT,ethereum,PT-sNUSD-5MAR2026,18,6.67
902,2026-01-15,Pendle PT,ethereum,PT-sUSDE-5FEB2026,6.56,6.67
903,2026-01-15,Pendle PT,ethereum,PT-srUSDe-2APR2026,6.53,6.67
904,2026-01-15,Uniswap MM,arbitrum,ETH/USDC,30.63,6.67
905,2026-01-15,Uniswap MM,mainnet,ETH/USDC,31.06,6.67
906,2026-01-15,Uniswap MM,unichain,ETH/USDC,7.35,6.67
907,2026-01-15,Uniswap MM,arbitrum,ETH/USDT,22.6,6.67
908,2026-01-15,Uniswap MM,arbitrum,WBTC/USDC,28.98,6.67
909,2026-01-15,Uniswap MM,unichain,WBTC/USDC,11.46,6.67
910,2026-01-15,Uniswap MM,mainnet,WBTC/USDT,10.92,6.67
911,2026-01-15,Uniswap MM,unichain,WBTC/USDT,8.33,6.67
912,2026-01-16,Pendle LP,ethereum,PT-reUSDe-25JUN2026,14.73,9.09
913,2026-01-16,Pendle LP,ethereum,PT-sNUSD-5MAR2026,13.52,9.09
914,2026-01-16,Pendle PT,ethereum,PT-iUSD-19FEB2026,10,9.09
915,2026-01-16,Pendle PT,ethereum,PT-reUSDe-25JUN2026,20,9.09
916,2026-01-16,Pendle PT,ethereum,PT-sNUSD-5MAR2026,18,9.09
917,2026-01-16,Pendle PT,ethereum,PT-sUSDE-5FEB2026,6.56,9.09
918,2026-01-16,Pendle PT,ethereum,PT-srUSDe-2APR2026,6.53,9.09
919,2026-01-16,Uniswap MM,arbitrum,ETH/USDC,16.71,9.09
920,2026-01-16,Uniswap MM,mainnet,ETH/USDC,13.33,9.09
921,2026-01-16,Uniswap MM,arbitrum,ETH/USDT,10.77,9.09
922,2026-01-16,Uniswap MM,arbitrum,WBTC/USDC,19.55,9.09
923,2026-01-17,Pendle LP,ethereum,PT-reUSDe-25JUN2026,14.69,14.29
924,2026-01-17,Pendle LP,ethereum,PT-sNUSD-5MAR2026,13.38,14.29
925,2026-01-17,Pendle PT,ethereum,PT-iUSD-19FEB2026,10,14.29
926,2026-01-17,Pendle PT,ethereum,PT-reUSDe-25JUN2026,20,14.29
927,2026-01-17,Pendle PT,ethereum,PT-sNUSD-5MAR2026,18,14.29
928,2026-01-17,Pendle PT,ethereum,PT-sUSDE-5FEB2026,6.56,14.29
929,2026-01-17,Pendle PT,ethereum,PT-srUSDe-2APR2026,6.53,14.29
930,2026-01-18,Pendle LP,ethereum,PT-reUSDe-25JUN2026,14.59,9.09
931,2026-01-18,Pendle LP,ethereum,PT-sNUSD-5MAR2026,13.21,9.09
932,2026-01-18,Pendle PT,ethereum,PT-iUSD-19FEB2026,10,9.09
933,2026-01-18,Pendle PT,ethereum,PT-reUSDe-25JUN2026,20,9.09
934,2026-01-18,Pendle PT,ethereum,PT-sNUSD-5MAR2026,18,9.09
935,2026-01-18,Pendle PT,ethereum,PT-sUSDE-5FEB2026,6.56,9.09
936,2026-01-18,Pendle PT,ethereum,PT-srUSDe-2APR2026,6.53,9.09
937,2026-01-18,Uniswap MM,arbitrum,ETH/USDC,10.53,9.09
938,2026-01-18,Uniswap MM,mainnet,ETH/USDC,11.21,9.09
939,2026-01-18,Uniswap MM,arbitrum,ETH/USDT,7.96,9.09
940,2026-01-18,Uniswap MM,arbitrum,WBTC/USDC,10.54,9.09
941,2026-01-19,Pendle LP,ethereum,PT-reUSDe-25JUN2026,14.54,7.14
942,2026-01-19,Pendle LP,ethereum,PT-sNUSD-5MAR2026,13.01,7.14
943,2026-01-19,Pendle PT,ethereum,PT-iUSD-19FEB2026,10,7.14
944,2026-01-19,Pendle PT,ethereum,PT-reUSDe-25JUN2026,20,7.14
945,2026-01-19,Pendle PT,ethereum,PT-sNUSD-5MAR2026,18,7.14
946,2026-01-19,Pendle PT,ethereum,PT-sUSDE-5FEB2026,6.56,7.14
947,2026-01-19,Pendle PT,ethereum,PT-srUSDe-2APR2026,6.53,7.14
948,2026-01-19,Uniswap MM,arbitrum,ETH/USDC,25.22,7.14
949,2026-01-19,Uniswap MM,mainnet,ETH/USDC,13.79,7.14
950,2026-01-19,Uniswap MM,arbitrum,ETH/USDT,23.93,7.14
951,2026-01-19,Uniswap MM,mainnet,ETH/USDT,25.02,7.14
952,2026-01-19,Uniswap MM,arbitrum,WBTC/USDC,27.53,7.14
953,2026-01-19,Uniswap MM,unichain,WBTC/USDC,8.19,7.14
954,2026-01-19,Uniswap MM,mainnet,WBTC/USDT,10.42,7.14
955,2026-01-20,Pendle LP,ethereum,PT-reUSDe-25JUN2026,18.91,5.56
956,2026-01-20,Pendle LP,ethereum,PT-sNUSD-5MAR2026,12.93,5.56
957,2026-01-20,Pendle LP,arbitrum,PT-weETH-25JUN2026,10,5.56
958,2026-01-20,Pendle PT,ethereum,PT-iUSD-19FEB2026,10,5.56
959,2026-01-20,Pendle PT,ethereum,PT-reUSDe-25JUN2026,20,5.56
960,2026-01-20,Pendle PT,ethereum,PT-sNUSD-5MAR2026,18,5.56
961,2026-01-20,Pendle PT,ethereum,PT-sUSDE-5FEB2026,6.56,5.56
962,2026-01-20,Pendle PT,ethereum,PT-srUSDe-2APR2026,6.53,5.56
963,2026-01-20,Uniswap MM,arbitrum,ETH/USDC,35.88,5.56
964,2026-01-20,Uniswap MM,mainnet,ETH/USDC,20.49,5.56
965,2026-01-20,Uniswap MM,unichain,ETH/USDC,8.64,5.56
966,2026-01-20,Uniswap MM,arbitrum,ETH/USDT,40.32,5.56
967,2026-01-20,Uniswap MM,mainnet,ETH/USDT,12.03,5.56
968,2026-01-20,Uniswap MM,arbitrum,WBTC/USDC,48.15,5.56
969,2026-01-20,Uniswap MM,mainnet,WBTC/USDC,6.54,5.56
970,2026-01-20,Uniswap MM,unichain,WBTC/USDC,13.85,5.56
971,2026-01-20,Uniswap MM,mainnet,WBTC/USDT,13.44,5.56
972,2026-01-20,Uniswap MM,unichain,WBTC/USDT,8.98,5.56
973,2026-01-21,Pendle LP,ethereum,PT-reUSDe-25JUN2026,18.72,5.56
974,2026-01-21,Pendle LP,ethereum,PT-sNUSD-5MAR2026,13.05,5.56
975,2026-01-21,Pendle LP,arbitrum,PT-weETH-25JUN2026,9.93,5.56
976,2026-01-21,Pendle PT,ethereum,PT-iUSD-19FEB2026,10,5.56
977,2026-01-21,Pendle PT,ethereum,PT-reUSDe-25JUN2026,20,5.56
978,2026-01-21,Pendle PT,ethereum,PT-sNUSD-5MAR2026,18,5.56
979,2026-01-21,Pendle PT,ethereum,PT-sUSDE-5FEB2026,6.56,5.56
980,2026-01-21,Pendle PT,ethereum,PT-srUSDe-2APR2026,6.53,5.56
981,2026-01-21,Uniswap MM,arbitrum,ETH/USDC,34.53,5.56
982,2026-01-21,Uniswap MM,mainnet,ETH/USDC,30.07,5.56
983,2026-01-21,Uniswap MM,unichain,ETH/USDC,9.25,5.56
984,2026-01-21,Uniswap MM,arbitrum,ETH/USDT,34.42,5.56
985,2026-01-21,Uniswap MM,mainnet,ETH/USDT,18.77,5.56
986,2026-01-21,Uniswap MM,arbitrum,WBTC/USDC,58.02,5.56
987,2026-01-21,Uniswap MM,mainnet,WBTC/USDC,13.09,5.56
988,2026-01-21,Uniswap MM,unichain,WBTC/USDC,22.02,5.56
989,2026-01-21,Uniswap MM,mainnet,WBTC/USDT,21.29,5.56
990,2026-01-21,Uniswap MM,unichain,WBTC/USDT,11.21,5.56
991,2026-01-22,Pendle LP,ethereum,PT-reUSDe-25JUN2026,20.84,6.67
992,2026-01-22,Pendle LP,ethereum,PT-sNUSD-5MAR2026,12.26,6.67
993,2026-01-22,Pendle LP,arbitrum,PT-weETH-25JUN2026,10.36,6.67
994,2026-01-22,Pendle PT,ethereum,PT-iUSD-19FEB2026,10,6.67
995,2026-01-22,Pendle PT,ethereum,PT-reUSDe-25JUN2026,20,6.67
996,2026-01-22,Pendle PT,ethereum,PT-sNUSD-5MAR2026,18,6.67
997,2026-01-22,Pendle PT,ethereum,PT-sUSDE-5FEB2026,6.56,6.67
998,2026-01-22,Pendle PT,ethereum,PT-srUSDe-2APR2026,6.53,6.67
999,2026-01-22,Uniswap MM,arbitrum,ETH/USDC,20.25,6.67
1000,2026-01-22,Uniswap MM,mainnet,ETH/USDC,15.42,6.67
1001,2026-01-22,Uniswap MM,arbitrum,ETH/USDT,26.32,6.67
1002,2026-01-22,Uniswap MM,mainnet,ETH/USDT,10.47,6.67
1003,2026-01-22,Uniswap MM,arbitrum,WBTC/USDC,29.07,6.67
1004,2026-01-22,Uniswap MM,unichain,WBTC/USDC,6.99,6.67
1005,2026-01-22,Uniswap MM,mainnet,WBTC/USDT,12.22,6.67
1006,2026-01-23,Pendle LP,ethereum,PT-reUSDe-25JUN2026,20.62,6.25
1007,2026-01-23,Pendle LP,ethereum,PT-sNUSD-5MAR2026,12.35,6.25
1008,2026-01-23,Pendle LP,arbitrum,PT-weETH-25JUN2026,10.07,6.25
1009,2026-01-23,Pendle PT,ethereum,PT-iUSD-19FEB2026,10,6.25
1010,2026-01-23,Pendle PT,ethereum,PT-reUSDe-25JUN2026,20,6.25
1011,2026-01-23,Pendle PT,ethereum,PT-sNUSD-5MAR2026,18,6.25
1012,2026-01-23,Pendle PT,ethereum,PT-sUSDE-5FEB2026,6.56,6.25
1013,2026-01-23,Pendle PT,ethereum,PT-srUSDe-2APR2026,6.53,6.25
1014,2026-01-23,Uniswap MM,arbitrum,ETH/USDC,17.89,6.25
1015,2026-01-23,Uniswap MM,mainnet,ETH/USDC,12.23,6.25
1016,2026-01-23,Uniswap MM,arbitrum,ETH/USDT,21.57,6.25
1017,2026-01-23,Uniswap MM,mainnet,ETH/USDT,10.01,6.25
1018,2026-01-23,Uniswap MM,arbitrum,WBTC/USDC,29.98,6.25
1019,2026-01-23,Uniswap MM,mainnet,WBTC/USDC,8.39,6.25
1020,2026-01-23,Uniswap MM,unichain,WBTC/USDC,10.34,6.25
1021,2026-01-23,Uniswap MM,mainnet,WBTC/USDT,10.17,6.25
1022,2026-01-24,Pendle LP,ethereum,PT-reUSDe-25JUN2026,20.47,12.5
1023,2026-01-24,Pendle LP,ethereum,PT-sNUSD-5MAR2026,12.53,12.5
1024,2026-01-24,Pendle LP,arbitrum,PT-weETH-25JUN2026,10.06,12.5
1025,2026-01-24,Pendle PT,ethereum,PT-iUSD-19FEB2026,10,12.5
1026,2026-01-24,Pendle PT,ethereum,PT-reUSDe-25JUN2026,20,12.5
1027,2026-01-24,Pendle PT,ethereum,PT-sNUSD-5MAR2026,18,12.5
1028,2026-01-24,Pendle PT,ethereum,PT-sUSDE-5FEB2026,6.56,12.5
1029,2026-01-24,Pendle PT,ethereum,PT-srUSDe-2APR2026,6.53,12.5
1030,2026-01-25,Pendle LP,ethereum,PT-reUSDe-25JUN2026,20.28,6.25
1031,2026-01-25,Pendle LP,ethereum,PT-sNUSD-5MAR2026,12.46,6.25
1032,2026-01-25,Pendle LP,arbitrum,PT-weETH-25JUN2026,9.96,6.25
1033,2026-01-25,Pendle PT,ethereum,PT-iUSD-19FEB2026,10,6.25
1034,2026-01-25,Pendle PT,ethereum,PT-reUSDe-25JUN2026,20,6.25
1035,2026-01-25,Pendle PT,ethereum,PT-sNUSD-5MAR2026,18,6.25
1036,2026-01-25,Pendle PT,ethereum,PT-sUSDE-5FEB2026,6.56,6.25
1037,2026-01-25,Pendle PT,ethereum,PT-srUSDe-2APR2026,6.53,6.25
1038,2026-01-25,Uniswap MM,arbitrum,ETH/USDC,11.5,6.25
1039,2026-01-25,Uniswap MM,mainnet,ETH/USDC,8.04,6.25
1040,2026-01-25,Uniswap MM,arbitrum,ETH/USDT,15.59,6.25
1041,2026-01-25,Uniswap MM,mainnet,ETH/USDT,8.38,6.25
1042,2026-01-25,Uniswap MM,arbitrum,WBTC/USDC,27.4,6.25
1043,2026-01-25,Uniswap MM,unichain,WBTC/USDC,8.23,6.25
1044,2026-01-25,Uniswap MM,mainnet,WBTC/USDT,8.97,6.25
1045,2026-01-25,Uniswap MM,unichain,WBTC/USDT,6.9,6.25
1046,2026-01-26,Pendle LP,ethereum,PT-reUSDe-25JUN2026,20.11,5.88
1047,2026-01-26,Pendle LP,ethereum,PT-sNUSD-5MAR2026,12.51,5.88
1048,2026-01-26,Pendle LP,arbitrum,PT-weETH-25JUN2026,10,5.88
1049,2026-01-26,Pendle PT,ethereum,PT-iUSD-19FEB2026,10,5.88
1050,2026-01-26,Pendle PT,ethereum,PT-reUSDe-25JUN2026,20,5.88
1051,2026-01-26,Pendle PT,ethereum,PT-sNUSD-5MAR2026,18,5.88
1052,2026-01-26,Pendle PT,ethereum,PT-sUSDE-5FEB2026,6.56,5.88
1053,2026-01-26,Pendle PT,ethereum,PT-srUSDe-2APR2026,6.53,5.88
1054,2026-01-26,Uniswap MM,arbitrum,ETH/USDC,15.92,5.88
1055,2026-01-26,Uniswap MM,mainnet,ETH/USDC,15.29,5.88
1056,2026-01-26,Uniswap MM,arbitrum,ETH/USDT,22.08,5.88
1057,2026-01-26,Uniswap MM,mainnet,ETH/USDT,9.82,5.88
1058,2026-01-26,Uniswap MM,arbitrum,WBTC/USDC,33.83,5.88
1059,2026-01-26,Uniswap MM,mainnet,WBTC/USDC,11.37,5.88
1060,2026-01-26,Uniswap MM,unichain,WBTC/USDC,13.49,5.88
1061,2026-01-26,Uniswap MM,mainnet,WBTC/USDT,15.22,5.88
1062,2026-01-26,Uniswap MM,unichain,WBTC/USDT,7.27,5.88
1063,2026-01-27,Pendle LP,ethereum,PT-reUSDe-25JUN2026,16.06,6.67
1064,2026-01-27,Pendle LP,ethereum,PT-sNUSD-5MAR2026,12.65,6.67
1065,2026-01-27,Pendle PT,ethereum,PT-iUSD-19FEB2026,10,6.67
1066,2026-01-27,Pendle PT,ethereum,PT-reUSDe-25JUN2026,20,6.67
1067,2026-01-27,Pendle PT,ethereum,PT-sNUSD-5MAR2026,18,6.67
1068,2026-01-27,Pendle PT,ethereum,PT-sUSDE-5FEB2026,6.56,6.67
1069,2026-01-27,Pendle PT,ethereum,PT-srUSDe-2APR2026,6.53,6.67
1070,2026-01-27,Uniswap MM,arbitrum,ETH/USDC,17.81,6.67
1071,2026-01-27,Uniswap MM,mainnet,ETH/USDC,13.57,6.67
1072,2026-01-27,Uniswap MM,arbitrum,ETH/USDT,22.94,6.67
1073,2026-01-27,Uniswap MM,mainnet,ETH/USDT,8.51,6.67
1074,2026-01-27,Uniswap MM,arbitrum,WBTC/USDC,28.7,6.67
1075,2026-01-27,Uniswap MM,mainnet,WBTC/USDC,7.53,6.67
1076,2026-01-27,Uniswap MM,unichain,WBTC/USDC,8.6,6.67
1077,2026-01-27,Uniswap MM,mainnet,WBTC/USDT,10.13,6.67
1078,2026-01-28,Pendle LP,ethereum,PT-reUSDe-25JUN2026,16,6.25
1079,2026-01-28,Pendle LP,ethereum,PT-sNUSD-5MAR2026,12.45,6.25
1080,2026-01-28,Pendle PT,ethereum,PT-iUSD-19FEB2026,10,6.25
1081,2026-01-28,Pendle PT,ethereum,PT-reUSDe-25JUN2026,20,6.25
1082,2026-01-28,Pendle PT,ethereum,PT-sNUSD-5MAR2026,18,6.25
1083,2026-01-28,Pendle PT,ethereum,PT-sUSDE-5FEB2026,6.56,6.25
1084,2026-01-28,Pendle PT,ethereum,PT-srUSDe-2APR2026,6.53,6.25
1085,2026-01-28,Uniswap MM,arbitrum,ETH/USDC,26.5,6.25
1086,2026-01-28,Uniswap MM,mainnet,ETH/USDC,13.89,6.25
1087,2026-01-28,Uniswap MM,arbitrum,ETH/USDT,36.44,6.25
1088,2026-01-28,Uniswap MM,mainnet,ETH/USDT,8.47,6.25
1089,2026-01-28,Uniswap MM,arbitrum,WBTC/USDC,35.69,6.25
1090,2026-01-28,Uniswap MM,mainnet,WBTC/USDC,8.36,6.25
1091,2026-01-28,Uniswap MM,unichain,WBTC/USDC,9.59,6.25
1092,2026-01-28,Uniswap MM,mainnet,WBTC/USDT,10.83,6.25
1093,2026-01-28,Uniswap MM,unichain,WBTC/USDT,7.04,6.25
1094,2026-01-29,Pendle LP,ethereum,PT-reUSDe-25JUN2026,18.46,5.88
1095,2026-01-29,Pendle LP,ethereum,PT-sNUSD-5MAR2026,12.17,5.88
1096,2026-01-29,Pendle PT,ethereum,PT-iUSD-19FEB2026,10,5.88
1097,2026-01-29,Pendle PT,ethereum,PT-reUSDe-25JUN2026,20,5.88
1098,2026-01-29,Pendle PT,ethereum,PT-sNUSD-5MAR2026,18,5.88
1099,2026-01-29,Pendle PT,ethereum,PT-sUSDE-5FEB2026,6.56,5.88
1100,2026-01-29,Pendle PT,ethereum,PT-srUSDe-2APR2026,6.53,5.88
1101,2026-01-29,Uniswap MM,arbitrum,ETH/USDC,19.45,5.88
1102,2026-01-29,Uniswap MM,mainnet,ETH/USDC,17.84,5.88
1103,2026-01-29,Uniswap MM,unichain,ETH/USDC,6.52,5.88
1104,2026-01-29,Uniswap MM,arbitrum,ETH/USDT,25.86,5.88
1105,2026-01-29,Uniswap MM,mainnet,ETH/USDT,10.54,5.88
1106,2026-01-29,Uniswap MM,arbitrum,WBTC/USDC,42.74,5.88
1107,2026-01-29,Uniswap MM,mainnet,WBTC/USDC,18.06,5.88
1108,2026-01-29,Uniswap MM,unichain,WBTC/USDC,16.93,5.88
1109,2026-01-29,Uniswap MM,mainnet,WBTC/USDT,12.63,5.88
1110,2026-01-29,Uniswap MM,unichain,WBTC/USDT,8.85,5.88
1111,2026-01-30,Pendle LP,ethereum,PT-reUSDe-25JUN2026,18.31,5.56
1112,2026-01-30,Pendle LP,ethereum,PT-sNUSD-5MAR2026,11.93,5.56
1113,2026-01-30,Pendle PT,ethereum,PT-iUSD-19FEB2026,10,5.56
1114,2026-01-30,Pendle PT,ethereum,PT-reUSDe-25JUN2026,20,5.56
1115,2026-01-30,Pendle PT,ethereum,PT-sNUSD-5MAR2026,18,5.56
1116,2026-01-30,Pendle PT,ethereum,PT-sUSDE-5FEB2026,6.56,5.56
1117,2026-01-30,Pendle PT,ethereum,PT-srUSDe-2APR2026,6.53,5.56
1118,2026-01-30,Uniswap MM,arbitrum,ETH/USDC,24.86,5.56
1119,2026-01-30,Uniswap MM,mainnet,ETH/USDC,29.8,5.56
1120,2026-01-30,Uniswap MM,unichain,ETH/USDC,9.98,5.56
1121,2026-01-30,Uniswap MM,arbitrum,ETH/USDT,20.82,5.56
1122,2026-01-30,Uniswap MM,mainnet,ETH/USDT,12.23,5.56
1123,2026-01-30,Uniswap MM,arbitrum,WBTC/USDC,50.13,5.56
1124,2026-01-30,Uniswap MM,mainnet,WBTC/USDC,18.61,5.56
1125,2026-01-30,Uniswap MM,unichain,WBTC/USDC,18.6,5.56
1126,2026-01-30,Uniswap MM,arbitrum,WBTC/USDT,25.53,5.56
1127,2026-01-30,Uniswap MM,mainnet,WBTC/USDT,13.01,5.56
1128,2026-01-30,Uniswap MM,unichain,WBTC/USDT,16.49,5.56
1129,2026-01-31,Pendle LP,ethereum,PT-reUSDe-25JUN2026,17.62,5.56
1130,2026-01-31,Pendle LP,ethereum,PT-sNUSD-5MAR2026,11.68,5.56
1131,2026-01-31,Pendle PT,ethereum,PT-iUSD-19FEB2026,10,5.56
1132,2026-01-31,Pendle PT,ethereum,PT-reUSDe-25JUN2026,20,5.56
1133,2026-01-31,Pendle PT,ethereum,PT-sNUSD-5MAR2026,18,5.56
1134,2026-01-31,Pendle PT,ethereum,PT-sUSDE-5FEB2026,6.56,5.56
1135,2026-01-31,Pendle PT,ethereum,PT-srUSDe-2APR2026,6.53,5.56
1136,2026-01-31,Uniswap MM,arbitrum,ETH/USDC,16.12,5.56
1137,2026-01-31,Uniswap MM,mainnet,ETH/USDC,44.2,5.56
1138,2026-01-31,Uniswap MM,unichain,ETH/USDC,6.71,5.56
1139,2026-01-31,Uniswap MM,arbitrum,ETH/USDT,7.82,5.56
1140,2026-01-31,Uniswap MM,mainnet,ETH/USDT,13.65,5.56
1141,2026-01-31,Uniswap MM,arbitrum,WBTC/USDC,38.82,5.56
1142,2026-01-31,Uniswap MM,mainnet,WBTC/USDC,25.66,5.56
1143,2026-01-31,Uniswap MM,unichain,WBTC/USDC,12.76,5.56
1144,2026-01-31,Uniswap MM,arbitrum,WBTC/USDT,8.35,5.56
1145,2026-01-31,Uniswap MM,mainnet,WBTC/USDT,13.03,5.56
1146,2026-01-31,Uniswap MM,unichain,WBTC/USDT,18.3,5.56
1147,2026-02-01,Pendle LP,ethereum,PT-reUSDe-25JUN2026,17.28,6.67
1148,2026-02-01,Pendle LP,ethereum,PT-sNUSD-5MAR2026,11.49,6.67
1149,2026-02-01,Pendle PT,ethereum,PT-iUSD-19FEB2026,10,6.67
1150,2026-02-01,Pendle PT,ethereum,PT-reUSDe-25JUN2026,20,6.67
1151,2026-02-01,Pendle PT,ethereum,PT-sNUSD-5MAR2026,18,6.67
1152,2026-02-01,Pendle PT,ethereum,PT-sUSDE-5FEB2026,6.56,6.67
1153,2026-02-01,Pendle PT,ethereum,PT-srUSDe-2APR2026,6.53,6.67
1154,2026-02-01,Uniswap MM,arbitrum,ETH/USDC,9.2,6.67
1155,2026-02-01,Uniswap MM,mainnet,ETH/USDC,22.01,6.67
1156,2026-02-01,Uniswap MM,mainnet,ETH/USDT,6.52,6.67
1157,2026-02-01,Uniswap MM,arbitrum,WBTC/USDC,31.78,6.67
1158,2026-02-01,Uniswap MM,mainnet,WBTC/USDC,16.48,6.67
1159,2026-02-01,Uniswap MM,unichain,WBTC/USDC,9.11,6.67
1160,2026-02-01,Uniswap MM,mainnet,WBTC/USDT,7.85,6.67
1161,2026-02-01,Uniswap MM,unichain,WBTC/USDT,12.53,6.67
1162,2026-02-02,Pendle LP,ethereum,PT-reUSDe-25JUN2026,16.68,6.25
1163,2026-02-02,Pendle LP,ethereum,PT-sNUSD-5MAR2026,11.34,6.25
1164,2026-02-02,Pendle PT,ethereum,PT-iUSD-19FEB2026,10,6.25
1165,2026-02-02,Pendle PT,ethereum,PT-reUSDe-25JUN2026,20,6.25
1166,2026-02-02,Pendle PT,ethereum,PT-sNUSD-5MAR2026,18,6.25
1167,2026-02-02,Pendle PT,ethereum,PT-sUSDE-5FEB2026,6.56,6.25
1168,2026-02-02,Pendle PT,ethereum,PT-srUSDe-2APR2026,6.53,6.25
1169,2026-02-02,Uniswap MM,arbitrum,ETH/USDC,11.3,6.25
1170,2026-02-02,Uniswap MM,mainnet,ETH/USDC,20.84,6.25
1171,2026-02-02,Uniswap MM,arbitrum,ETH/USDT,7.19,6.25
1172,2026-02-02,Uniswap MM,mainnet,ETH/USDT,8.03,6.25
1173,2026-02-02,Uniswap MM,arbitrum,WBTC/USDC,46.19,6.25
1174,2026-02-02,Uniswap MM,mainnet,WBTC/USDC,17.73,6.25
1175,2026-02-02,Uniswap MM,unichain,WBTC/USDC,16.52,6.25
1176,2026-02-02,Uniswap MM,mainnet,WBTC/USDT,11.87,6.25
1177,2026-02-02,Uniswap MM,unichain,WBTC/USDT,15.4,6.25
1178,2026-02-03,Pendle LP,ethereum,PT-USDe-5FEB2026,6.94,6.67
1179,2026-02-03,Pendle LP,ethereum,PT-reUSDe-25JUN2026,17.08,6.67
1180,2026-02-03,Pendle LP,ethereum,PT-sNUSD-5MAR2026,11.15,6.67
1181,2026-02-03,Pendle PT,ethereum,PT-iUSD-19FEB2026,10,6.67
1182,2026-02-03,Pendle PT,ethereum,PT-reUSDe-25JUN2026,20,6.67
1183,2026-02-03,Pendle PT,ethereum,PT-sNUSD-5MAR2026,18,6.67
1184,2026-02-03,Pendle PT,ethereum,PT-sUSDE-5FEB2026,6.56,6.67
1185,2026-02-03,Pendle PT,ethereum,PT-srUSDe-2APR2026,6.53,6.67
1186,2026-02-03,Uniswap MM,arbitrum,ETH/USDC,11.98,6.67
1187,2026-02-03,Uniswap MM,mainnet,ETH/USDC,23.3,6.67
1188,2026-02-03,Uniswap MM,arbitrum,WBTC/USDC,34.12,6.67
1189,2026-02-03,Uniswap MM,mainnet,WBTC/USDC,17.82,6.67
1190,2026-02-03,Uniswap MM,unichain,WBTC/USDC,13.52,6.67
1191,2026-02-03,Uniswap MM,mainnet,WBTC/USDT,10.14,6.67
1192,2026-02-03,Uniswap MM,unichain,WBTC/USDT,11.08,6.67
1193,2026-02-04,Pendle LP,ethereum,PT-USDe-5FEB2026,21.05,6.67
1194,2026-02-04,Pendle LP,ethereum,PT-reUSDe-25JUN2026,17.14,6.67
1195,2026-02-04,Pendle LP,ethereum,PT-sNUSD-5MAR2026,11.18,6.67
1196,2026-02-04,Pendle PT,ethereum,PT-iUSD-19FEB2026,10,6.67
1197,2026-02-04,Pendle PT,ethereum,PT-reUSDe-25JUN2026,20,6.67
1198,2026-02-04,Pendle PT,ethereum,PT-sNUSD-5MAR2026,18,6.67
1199,2026-02-04,Pendle PT,ethereum,PT-sUSDE-5FEB2026,6.56,6.67
1200,2026-02-04,Pendle PT,ethereum,PT-srUSDe-2APR2026,6.53,6.67
1201,2026-02-04,Uniswap MM,arbitrum,ETH/USDC,13.69,6.67
1202,2026-02-04,Uniswap MM,mainnet,ETH/USDC,23.21,6.67
1203,2026-02-04,Uniswap MM,mainnet,ETH/USDT,7.57,6.67
1204,2026-02-04,Uniswap MM,mainnet,USDC/cbBTC,9.26,6.67
1205,2026-02-04,Uniswap MM,arbitrum,WBTC/USDC,29.04,6.67
1206,2026-02-04,Uniswap MM,mainnet,WBTC/USDC,18.07,6.67
1207,2026-02-04,Uniswap MM,mainnet,WBTC/USDT,14.22,6.67
1208,2026-02-05,Pendle LP,ethereum,PT-reUSDe-25JUN2026,16.49,5.88
1209,2026-02-05,Pendle LP,ethereum,PT-sNUSD-5MAR2026,11.33,5.88
1210,2026-02-05,Pendle PT,ethereum,PT-iUSD-19FEB2026,10,5.88
1211,2026-02-05,Pendle PT,ethereum,PT-reUSDe-25JUN2026,20,5.88
1212,2026-02-05,Pendle PT,ethereum,PT-sNUSD-5MAR2026,18,5.88
1213,2026-02-05,Pendle PT,ethereum,PT-sUSDE-5FEB2026,6.56,5.88
1214,2026-02-05,Pendle PT,ethereum,PT-srUSDe-2APR2026,6.53,5.88
1215,2026-02-05,Uniswap MM,arbitrum,ETH/USDC,19.57,5.88
1216,2026-02-05,Uniswap MM,mainnet,ETH/USDC,39.74,5.88
1217,2026-02-05,Uniswap MM,unichain,ETH/USDC,7.45,5.88
1218,2026-02-05,Uniswap MM,arbitrum,ETH/USDT,7.62,5.88
1219,2026-02-05,Uniswap MM,mainnet,ETH/USDT,20.58,5.88
1220,2026-02-05,Uniswap MM,mainnet,USDC/cbBTC,64.82,5.88
1221,2026-02-05,Uniswap MM,arbitrum,WBTC/USDC,31.31,5.88
1222,2026-02-05,Uniswap MM,mainnet,WBTC/USDC,44.2,5.88
1223,2026-02-05,Uniswap MM,unichain,WBTC/USDC,8.78,5.88
1224,2026-02-05,Uniswap MM,mainnet,WBTC/USDT,38.71,5.88
1225,2026-02-06,Pendle LP,ethereum,PT-reUSDe-25JUN2026,16.85,6.67
1226,2026-02-06,Pendle LP,ethereum,PT-sNUSD-5MAR2026,11.44,6.67
1227,2026-02-06,Pendle PT,ethereum,PT-iUSD-19FEB2026,10,6.67
1228,2026-02-06,Pendle PT,ethereum,PT-reUSDe-25JUN2026,20,6.67
1229,2026-02-06,Pendle PT,ethereum,PT-sNUSD-5MAR2026,18,6.67
1230,2026-02-06,Pendle PT,ethereum,PT-srUSDe-2APR2026,6.53,6.67
1231,2026-02-06,Uniswap MM,arbitrum,ETH/USDC,16.63,6.67
1232,2026-02-06,Uniswap MM,mainnet,ETH/USDC,24,6.67
1233,2026-02-06,Uniswap MM,mainnet,ETH/USDT,17.07,6.67
1234,2026-02-06,Uniswap MM,mainnet,USDC/cbBTC,79.37,6.67
1235,2026-02-06,Uniswap MM,arbitrum,WBTC/USDC,27.23,6.67
1236,2026-02-06,Uniswap MM,mainnet,WBTC/USDC,35.11,6.67
1237,2026-02-06,Uniswap MM,unichain,WBTC/USDC,22.32,6.67
1238,2026-02-06,Uniswap MM,arbitrum,WBTC/USDT,93.83,6.67
1239,2026-02-06,Uniswap MM,mainnet,WBTC/USDT,27.49,6.67
1240,2026-02-07,Pendle LP,ethereum,PT-reUSDe-25JUN2026,16.34,5.88
1241,2026-02-07,Pendle LP,ethereum,PT-sNUSD-5MAR2026,11.41,5.88
1242,2026-02-07,Pendle PT,ethereum,PT-iUSD-19FEB2026,10,5.88
1243,2026-02-07,Pendle PT,ethereum,PT-reUSDe-25JUN2026,20,5.88
1244,2026-02-07,Pendle PT,ethereum,PT-sNUSD-5MAR2026,18,5.88
1245,2026-02-07,Pendle PT,ethereum,PT-srUSDe-2APR2026,6.53,5.88
1246,2026-02-07,Uniswap MM,arbitrum,ETH/USDC,26.85,5.88
1247,2026-02-07,Uniswap MM,mainnet,ETH/USDC,33.09,5.88
1248,2026-02-07,Uniswap MM,unichain,ETH/USDC,7.12,5.88
1249,2026-02-07,Uniswap MM,arbitrum,ETH/USDT,7.12,5.88
1250,2026-02-07,Uniswap MM,mainnet,ETH/USDT,8.26,5.88
1251,2026-02-07,Uniswap MM,mainnet,USDC/cbBTC,19.68,5.88
1252,2026-02-07,Uniswap MM,arbitrum,WBTC/USDC,24.56,5.88
1253,2026-02-07,Uniswap MM,mainnet,WBTC/USDC,23.81,5.88
1254,2026-02-07,Uniswap MM,unichain,WBTC/USDC,20.72,5.88
1255,2026-02-07,Uniswap MM,arbitrum,WBTC/USDT,112.11,5.88
1256,2026-02-07,Uniswap MM,mainnet,WBTC/USDT,9.7,5.88
1257,2026-02-08,Pendle LP,ethereum,PT-reUSDe-25JUN2026,16.03,6.67
1258,2026-02-08,Pendle LP,ethereum,PT-sNUSD-5MAR2026,11.45,6.67
1259,2026-02-08,Pendle LP,arbitrum,PT-thBILL-18JUN2026,94.48,6.67
1260,2026-02-08,Pendle PT,ethereum,PT-iUSD-19FEB2026,10,6.67
1261,2026-02-08,Pendle PT,ethereum,PT-reUSDe-25JUN2026,20,6.67
1262,2026-02-08,Pendle PT,ethereum,PT-sNUSD-5MAR2026,18,6.67
1263,2026-02-08,Pendle PT,ethereum,PT-srUSDe-2APR2026,6.53,6.67
1264,2026-02-08,Pendle PT,arbitrum,PT-thBILL-18JUN2026,8,6.67
1265,2026-02-08,Uniswap MM,arbitrum,ETH/USDC,9.42,6.67
1266,2026-02-08,Uniswap MM,mainnet,ETH/USDC,19.52,6.67
1267,2026-02-08,Uniswap MM,mainnet,USDC/cbBTC,25.39,6.67
1268,2026-02-08,Uniswap MM,arbitrum,WBTC/USDC,11.68,6.67
1269,2026-02-08,Uniswap MM,mainnet,WBTC/USDC,20.72,6.67
1270,2026-02-08,Uniswap MM,unichain,WBTC/USDC,10.22,6.67
1271,2026-02-08,Uniswap MM,arbitrum,WBTC/USDT,56.01,6.67
1272,2026-02-09,Pendle LP,ethereum,PT-reUSDe-25JUN2026,16.26,6.25
1273,2026-02-09,Pendle LP,ethereum,PT-sNUSD-5MAR2026,11.42,6.25
1274,2026-02-09,Pendle LP,arbitrum,PT-thBILL-18JUN2026,93.04,6.25
1275,2026-02-09,Pendle PT,ethereum,PT-iUSD-19FEB2026,10,6.25
1276,2026-02-09,Pendle PT,ethereum,PT-reUSDe-25JUN2026,20,6.25
1277,2026-02-09,Pendle PT,ethereum,PT-sNUSD-5MAR2026,18,6.25
1278,2026-02-09,Pendle PT,ethereum,PT-srUSDe-2APR2026,6.53,6.25
1279,2026-02-09,Pendle PT,arbitrum,PT-thBILL-18JUN2026,8,6.25
1280,2026-02-09,Uniswap MM,arbitrum,ETH/USDC,14.48,6.25
1281,2026-02-09,Uniswap MM,mainnet,ETH/USDC,21.28,6.25
1282,2026-02-09,Uniswap MM,mainnet,USDC/cbBTC,27.5,6.25
1283,2026-02-09,Uniswap MM,arbitrum,WBTC/USDC,23.73,6.25
1284,2026-02-09,Uniswap MM,mainnet,WBTC/USDC,19.18,6.25
1285,2026-02-09,Uniswap MM,unichain,WBTC/USDC,11.52,6.25
1286,2026-02-09,Uniswap MM,arbitrum,WBTC/USDT,88.54,6.25
1287,2026-02-09,Uniswap MM,mainnet,WBTC/USDT,8.96,6.25
1288,2026-02-10,Pendle LP,ethereum,PT-reUSDe-25JUN2026,15.7,5.88
1289,2026-02-10,Pendle LP,ethereum,PT-sNUSD-5MAR2026,11.5,5.88
1290,2026-02-10,Pendle LP,arbitrum,PT-thBILL-18JUN2026,58.58,5.88
1291,2026-02-10,Pendle PT,ethereum,PT-iUSD-19FEB2026,10,5.88
1292,2026-02-10,Pendle PT,ethereum,PT-reUSDe-25JUN2026,20,5.88
1293,2026-02-10,Pendle PT,ethereum,PT-sNUSD-5MAR2026,18,5.88
1294,2026-02-10,Pendle PT,ethereum,PT-srUSDe-2APR2026,6.53,5.88
1295,2026-02-10,Pendle PT,arbitrum,PT-thBILL-18JUN2026,8,5.88
1296,2026-02-10,Uniswap MM,arbitrum,ETH/USDC,8.57,5.88
1297,2026-02-10,Uniswap MM,mainnet,ETH/USDC,8.15,5.88
1298,2026-02-10,Uniswap MM,mainnet,ETH/USDT,7.7,5.88
1299,2026-02-10,Uniswap MM,mainnet,USDC/cbBTC,16.8,5.88
1300,2026-02-10,Uniswap MM,arbitrum,WBTC/USDC,19.46,5.88
1301,2026-02-10,Uniswap MM,mainnet,WBTC/USDC,10.79,5.88
1302,2026-02-10,Uniswap MM,unichain,WBTC/USDC,6.75,5.88
1303,2026-02-10,Uniswap MM,arbitrum,WBTC/USDT,69.81,5.88
1304,2026-02-10,Uniswap MM,mainnet,WBTC/USDT,7.17,5.88
1305,2026-02-11,Pendle LP,ethereum,PT-reUSDe-25JUN2026,15.62,5.88
1306,2026-02-11,Pendle LP,ethereum,PT-sNUSD-5MAR2026,11.63,5.88
1307,2026-02-11,Pendle LP,arbitrum,PT-thBILL-18JUN2026,15.61,5.88
1308,2026-02-11,Pendle PT,ethereum,PT-iUSD-19FEB2026,10,5.88
1309,2026-02-11,Pendle PT,ethereum,PT-reUSDe-25JUN2026,20,5.88
1310,2026-02-11,Pendle PT,ethereum,PT-sNUSD-5MAR2026,18,5.88
1311,2026-02-11,Pendle PT,ethereum,PT-srUSDe-2APR2026,6.53,5.88
1312,2026-02-11,Pendle PT,arbitrum,PT-thBILL-18JUN2026,8,5.88
1313,2026-02-11,Uniswap MM,arbitrum,ETH/USDC,9.48,5.88
1314,2026-02-11,Uniswap MM,mainnet,ETH/USDC,7.26,5.88
1315,2026-02-11,Uniswap MM,mainnet,ETH/USDT,6.85,5.88
1316,2026-02-11,Uniswap MM,mainnet,USDC/cbBTC,30.94,5.88
1317,2026-02-11,Uniswap MM,arbitrum,WBTC/USDC,23.15,5.88
1318,2026-02-11,Uniswap MM,mainnet,WBTC/USDC,22.27,5.88
1319,2026-02-11,Uniswap MM,unichain,WBTC/USDC,12.99,5.88
1320,2026-02-11,Uniswap MM,arbitrum,WBTC/USDT,91.84,5.88
1321,2026-02-11,Uniswap MM,mainnet,WBTC/USDT,10.55,5.88
1322,2026-02-12,Pendle LP,ethereum,PT-jrNUSD-28MAY2026,24.96,6.25
1323,2026-02-12,Pendle LP,ethereum,PT-reUSDe-25JUN2026,14.23,6.25
1324,2026-02-12,Pendle LP,ethereum,PT-sNUSD-5MAR2026,11.64,6.25
1325,2026-02-12,Pendle LP,arbitrum,PT-thBILL-18JUN2026,8.29,6.25
1326,2026-02-12,Pendle PT,ethereum,PT-iUSD-19FEB2026,10,6.25
1327,2026-02-12,Pendle PT,ethereum,PT-jrNUSD-28MAY2026,11.75,6.25
1328,2026-02-12,Pendle PT,ethereum,PT-reUSDe-25JUN2026,20,6.25
1329,2026-02-12,Pendle PT,ethereum,PT-sNUSD-5MAR2026,18,6.25
1330,2026-02-12,Pendle PT,ethereum,PT-srUSDe-2APR2026,6.53,6.25
1331,2026-02-12,Pendle PT,arbitrum,PT-thBILL-18JUN2026,8,6.25
1332,2026-02-12,Uniswap MM,arbitrum,ETH/USDC,7.19,6.25
1333,2026-02-12,Uniswap MM,mainnet,USDC/cbBTC,16.41,6.25
1334,2026-02-12,Uniswap MM,arbitrum,WBTC/USDC,16.9,6.25
1335,2026-02-12,Uniswap MM,mainnet,WBTC/USDC,11.83,6.25
1336,2026-02-12,Uniswap MM,unichain,WBTC/USDC,7.73,6.25
1337,2026-02-12,Uniswap MM,arbitrum,WBTC/USDT,55.47,6.25
1338,2026-02-13,Pendle LP,ethereum,PT-jrNUSD-28MAY2026,20.46,5.56
1339,2026-02-13,Pendle LP,ethereum,PT-reUSDe-25JUN2026,15.56,5.56
1340,2026-02-13,Pendle LP,ethereum,PT-sNUSD-5MAR2026,11.62,5.56
1341,2026-02-13,Pendle LP,arbitrum,PT-sUSDai-15OCT2026,639.02,5.56
1342,2026-02-13,Pendle LP,arbitrum,PT-thBILL-18JUN2026,9.49,5.56
1343,2026-02-13,Pendle PT,ethereum,PT-iUSD-19FEB2026,10,5.56
1344,2026-02-13,Pendle PT,ethereum,PT-jrNUSD-28MAY2026,11.75,5.56
1345,2026-02-13,Pendle PT,ethereum,PT-reUSDe-25JUN2026,20,5.56
1346,2026-02-13,Pendle PT,ethereum,PT-sNUSD-5MAR2026,18,5.56
1347,2026-02-13,Pendle PT,arbitrum,PT-sUSDai-15OCT2026,7.61,5.56
1348,2026-02-13,Pendle PT,ethereum,PT-srUSDe-2APR2026,6.53,5.56
1349,2026-02-13,Pendle PT,arbitrum,PT-thBILL-18JUN2026,8,5.56
1350,2026-02-13,Uniswap MM,mainnet,ETH/USDT,8.42,5.56
1351,2026-02-13,Uniswap MM,mainnet,USDC/cbBTC,11.58,5.56
1352,2026-02-13,Uniswap MM,arbitrum,WBTC/USDC,13.91,5.56
1353,2026-02-13,Uniswap MM,mainnet,WBTC/USDC,7.69,5.56
1354,2026-02-13,Uniswap MM,arbitrum,WBTC/USDT,55.69,5.56
1355,2026-02-13,Uniswap MM,mainnet,WBTC/USDT,7.25,5.56
1356,2026-02-14,Pendle LP,ethereum,PT-jrNUSD-28MAY2026,15.92,6.67
1357,2026-02-14,Pendle LP,ethereum,PT-reUSDe-25JUN2026,15.79,6.67
1358,2026-02-14,Pendle LP,ethereum,PT-sNUSD-5MAR2026,11.78,6.67
1359,2026-02-14,Pendle LP,arbitrum,PT-sUSDai-15OCT2026,461.63,6.67
1360,2026-02-14,Pendle PT,ethereum,PT-iUSD-19FEB2026,10,6.67
1361,2026-02-14,Pendle PT,ethereum,PT-jrNUSD-28MAY2026,11.75,6.67
1362,2026-02-14,Pendle PT,ethereum,PT-reUSDe-25JUN2026,20,6.67
1363,2026-02-14,Pendle PT,ethereum,PT-sNUSD-5MAR2026,18,6.67
1364,2026-02-14,Pendle PT,arbitrum,PT-sUSDai-15OCT2026,7.61,6.67
1365,2026-02-14,Pendle PT,ethereum,PT-srUSDe-2APR2026,6.53,6.67
1366,2026-02-14,Pendle PT,arbitrum,PT-thBILL-18JUN2026,8,6.67
1367,2026-02-14,Uniswap MM,mainnet,USDC/cbBTC,9.95,6.67
1368,2026-02-14,Uniswap MM,arbitrum,WBTC/USDC,6.95,6.67
1369,2026-02-14,Uniswap MM,arbitrum,WBTC/USDT,27.99,6.67
1370,2026-02-14,Uniswap MM,mainnet,WBTC/USDT,6.94,6.67
1371,2026-02-15,Pendle LP,arbitrum,PT-USDai-18JUN2026,96.49,5
1372,2026-02-15,Pendle LP,ethereum,PT-jrNUSD-28MAY2026,15.52,5
1373,2026-02-15,Pendle LP,ethereum,PT-reUSDe-25JUN2026,15.65,5
1374,2026-02-15,Pendle LP,ethereum,PT-sNUSD-5MAR2026,11.74,5
1375,2026-02-15,Pendle LP,arbitrum,PT-sUSDai-15OCT2026,442.84,5
1376,2026-02-15,Pendle PT,ethereum,PT-iUSD-19FEB2026,10,5
1377,2026-02-15,Pendle PT,ethereum,PT-jrNUSD-28MAY2026,11.75,5
1378,2026-02-15,Pendle PT,ethereum,PT-reUSDe-25JUN2026,20,5
1379,2026-02-15,Pendle PT,ethereum,PT-sNUSD-5MAR2026,18,5
1380,2026-02-15,Pendle PT,arbitrum,PT-sUSDai-15OCT2026,7.61,5
1381,2026-02-15,Pendle PT,ethereum,PT-srUSDe-2APR2026,6.53,5
1382,2026-02-15,Pendle PT,arbitrum,PT-thBILL-18JUN2026,8,5
1383,2026-02-15,Uniswap MM,arbitrum,ETH/USDC,7.43,5
1384,2026-02-15,Uniswap MM,mainnet,ETH/USDC,6.93,5
1385,2026-02-15,Uniswap MM,mainnet,ETH/USDT,11.02,5
1386,2026-02-15,Uniswap MM,mainnet,USDC/cbBTC,12.22,5
1387,2026-02-15,Uniswap MM,arbitrum,WBTC/USDC,11.38,5
1388,2026-02-15,Uniswap MM,mainnet,WBTC/USDC,8.21,5
1389,2026-02-15,Uniswap MM,arbitrum,WBTC/USDT,49.27,5
1390,2026-02-15,Uniswap MM,mainnet,WBTC/USDT,10.03,5
1391,2026-02-16,Pendle LP,arbitrum,PT-USDai-18JUN2026,95.34,5.88
1392,2026-02-16,Pendle LP,ethereum,PT-jrNUSD-28MAY2026,15.34,5.88
1393,2026-02-16,Pendle LP,ethereum,PT-reUSDe-25JUN2026,15.46,5.88
1394,2026-02-16,Pendle LP,ethereum,PT-sNUSD-5MAR2026,11.49,5.88
1395,2026-02-16,Pendle LP,arbitrum,PT-sUSDai-15OCT2026,336.23,5.88
1396,2026-02-16,Pendle PT,ethereum,PT-iUSD-19FEB2026,10,5.88
1397,2026-02-16,Pendle PT,ethereum,PT-jrNUSD-28MAY2026,11.75,5.88
1398,2026-02-16,Pendle PT,ethereum,PT-reUSDe-25JUN2026,20,5.88
1399,2026-02-16,Pendle PT,ethereum,PT-sNUSD-5MAR2026,18,5.88
1400,2026-02-16,Pendle PT,arbitrum,PT-sUSDai-15OCT2026,7.61,5.88
1401,2026-02-16,Pendle PT,ethereum,PT-srUSDe-2APR2026,6.53,5.88
1402,2026-02-16,Pendle PT,arbitrum,PT-thBILL-18JUN2026,8,5.88
1403,2026-02-16,Uniswap MM,mainnet,USDC/cbBTC,14.25,5.88
1404,2026-02-16,Uniswap MM,arbitrum,WBTC/USDC,12.15,5.88
1405,2026-02-16,Uniswap MM,mainnet,WBTC/USDC,33.24,5.88
1406,2026-02-16,Uniswap MM,arbitrum,WBTC/USDT,50.51,5.88
1407,2026-02-16,Uniswap MM,mainnet,WBTC/USDT,11.79,5.88
1408,2026-02-17,Pendle LP,arbitrum,PT-USDai-18JUN2026,45.47,5.88
1409,2026-02-17,Pendle LP,ethereum,PT-jrNUSD-28MAY2026,14.65,5.88
1410,2026-02-17,Pendle LP,ethereum,PT-reUSDe-25JUN2026,15.38,5.88
1411,2026-02-17,Pendle LP,ethereum,PT-sNUSD-5MAR2026,11.41,5.88
1412,2026-02-17,Pendle LP,arbitrum,PT-sUSDai-15OCT2026,106.09,5.88
1413,2026-02-17,Pendle PT,ethereum,PT-iUSD-19FEB2026,10,5.88
1414,2026-02-17,Pendle PT,ethereum,PT-jrNUSD-28MAY2026,11.75,5.88
1415,2026-02-17,Pendle PT,ethereum,PT-reUSDe-25JUN2026,20,5.88
1416,2026-02-17,Pendle PT,ethereum,PT-sNUSD-5MAR2026,18,5.88
1417,2026-02-17,Pendle PT,arbitrum,PT-sUSDai-15OCT2026,7.61,5.88
1418,2026-02-17,Pendle PT,ethereum,PT-srUSDe-2APR2026,6.53,5.88
1419,2026-02-17,Pendle PT,arbitrum,PT-thBILL-18JUN2026,8,5.88
1420,2026-02-17,Uniswap MM,mainnet,USDC/cbBTC,10.18,5.88
1421,2026-02-17,Uniswap MM,arbitrum,WBTC/USDC,14.02,5.88
1422,2026-02-17,Uniswap MM,mainnet,WBTC/USDC,11.99,5.88
1423,2026-02-17,Uniswap MM,arbitrum,WBTC/USDT,55.94,5.88
1424,2026-02-17,Uniswap MM,mainnet,WBTC/USDT,7.37,5.88
1425,2026-02-18,Pendle LP,arbitrum,PT-USDai-18JUN2026,44.38,6.25
1426,2026-02-18,Pendle LP,ethereum,PT-jrNUSD-28MAY2026,13.76,6.25
1427,2026-02-18,Pendle LP,ethereum,PT-reUSDe-25JUN2026,15.34,6.25
1428,2026-02-18,Pendle LP,ethereum,PT-sNUSD-5MAR2026,11.27,6.25
1429,2026-02-18,Pendle LP,arbitrum,PT-sUSDai-15OCT2026,100.87,6.25
1430,2026-02-18,Pendle PT,ethereum,PT-iUSD-19FEB2026,10,6.25
1431,2026-02-18,Pendle PT,ethereum,PT-jrNUSD-28MAY2026,11.75,6.25
1432,2026-02-18,Pendle PT,ethereum,PT-reUSDe-25JUN2026,20,6.25
1433,2026-02-18,Pendle PT,ethereum,PT-sNUSD-5MAR2026,18,6.25
1434,2026-02-18,Pendle PT,arbitrum,PT-sUSDai-15OCT2026,7.61,6.25
1435,2026-02-18,Pendle PT,ethereum,PT-srUSDe-2APR2026,6.53,6.25
1436,2026-02-18,Pendle PT,arbitrum,PT-thBILL-18JUN2026,8,6.25
1437,2026-02-18,Uniswap MM,mainnet,USDC/cbBTC,12.05,6.25
1438,2026-02-18,Uniswap MM,arbitrum,WBTC/USDC,11,6.25
1439,2026-02-18,Uniswap MM,mainnet,WBTC/USDC,11.4,6.25
1440,2026-02-18,Uniswap MM,arbitrum,WBTC/USDT,43.37,6.25
1441,2026-02-19,Pendle LP,arbitrum,PT-USDai-18JUN2026,23.53,5.88
1442,2026-02-19,Pendle LP,ethereum,PT-jrNUSD-28MAY2026,13.11,5.88
1443,2026-02-19,Pendle LP,ethereum,PT-reUSDe-25JUN2026,16.48,5.88
1444,2026-02-19,Pendle LP,ethereum,PT-sNUSD-5MAR2026,11.34,5.88
1445,2026-02-19,Pendle LP,arbitrum,PT-sUSDai-15OCT2026,24.46,5.88
1446,2026-02-19,Pendle PT,ethereum,PT-iUSD-19FEB2026,10,5.88
1447,2026-02-19,Pendle PT,ethereum,PT-jrNUSD-28MAY2026,11.75,5.88
1448,2026-02-19,Pendle PT,ethereum,PT-reUSDe-25JUN2026,20,5.88
1449,2026-02-19,Pendle PT,ethereum,PT-sNUSD-5MAR2026,18,5.88
1450,2026-02-19,Pendle PT,arbitrum,PT-sUSDai-15OCT2026,7.61,5.88
1451,2026-02-19,Pendle PT,ethereum,PT-srUSDe-2APR2026,6.53,5.88
1452,2026-02-19,Pendle PT,arbitrum,PT-thBILL-18JUN2026,8,5.88
1453,2026-02-19,Uniswap MM,arbitrum,ETH/USDC,6.52,5.88
1454,2026-02-19,Uniswap MM,mainnet,USDC/cbBTC,10.13,5.88
1455,2026-02-19,Uniswap MM,arbitrum,WBTC/USDC,10.21,5.88
1456,2026-02-19,Uniswap MM,mainnet,WBTC/USDC,9.01,5.88
1457,2026-02-19,Uniswap MM,arbitrum,WBTC/USDT,37.58,5.88
1458,2026-02-20,Pendle LP,arbitrum,PT-USDai-18JUN2026,9.14,6.25
1459,2026-02-20,Pendle LP,ethereum,PT-jrNUSD-28MAY2026,13.03,6.25
1460,2026-02-20,Pendle LP,ethereum,PT-reUSDe-25JUN2026,15.11,6.25
1461,2026-02-20,Pendle LP,ethereum,PT-sNUSD-5MAR2026,11.21,6.25
1462,2026-02-20,Pendle LP,arbitrum,PT-sUSDai-15OCT2026,19.76,6.25
1463,2026-02-20,Pendle PT,ethereum,PT-jrNUSD-28MAY2026,11.75,6.25
1464,2026-02-20,Pendle PT,ethereum,PT-reUSDe-25JUN2026,20,6.25
1465,2026-02-20,Pendle PT,ethereum,PT-sNUSD-5MAR2026,18,6.25
1466,2026-02-20,Pendle PT,arbitrum,PT-sUSDai-15OCT2026,7.61,6.25
1467,2026-02-20,Pendle PT,ethereum,PT-srUSDe-2APR2026,6.53,6.25
1468,2026-02-20,Pendle PT,arbitrum,PT-thBILL-18JUN2026,8,6.25
1469,2026-02-20,Uniswap MM,arbitrum,ETH/USDC,7.75,6.25
1470,2026-02-20,Uniswap MM,mainnet,USDC/cbBTC,15.24,6.25
1471,2026-02-20,Uniswap MM,arbitrum,WBTC/USDC,14.27,6.25
1472,2026-02-20,Uniswap MM,mainnet,WBTC/USDC,20.16,6.25
1473,2026-02-20,Uniswap MM,arbitrum,WBTC/USDT,53.18,6.25
1474,2026-02-21,Pendle LP,arbitrum,PT-USDai-18JUN2026,9.15,7.69
1475,2026-02-21,Pendle LP,ethereum,PT-jrNUSD-28MAY2026,13.04,7.69
1476,2026-02-21,Pendle LP,ethereum,PT-reUSDe-25JUN2026,15.1,7.69
1477,2026-02-21,Pendle LP,ethereum,PT-sNUSD-5MAR2026,10.75,7.69
1478,2026-02-21,Pendle LP,arbitrum,PT-sUSDai-15OCT2026,15.58,7.69
1479,2026-02-21,Pendle PT,ethereum,PT-jrNUSD-28MAY2026,11.75,7.69
1480,2026-02-21,Pendle PT,ethereum,PT-reUSDe-25JUN2026,20,7.69
1481,2026-02-21,Pendle PT,ethereum,PT-sNUSD-5MAR2026,18,7.69
1482,2026-02-21,Pendle PT,arbitrum,PT-sUSDai-15OCT2026,7.61,7.69
1483,2026-02-21,Pendle PT,ethereum,PT-srUSDe-2APR2026,6.53,7.69
1484,2026-02-21,Pendle PT,arbitrum,PT-thBILL-18JUN2026,8,7.69
1485,2026-02-21,Uniswap MM,mainnet,WBTC/USDC,12.78,7.69
1486,2026-02-21,Uniswap MM,arbitrum,WBTC/USDT,11.87,7.69
1487,2026-02-22,Pendle LP,arbitrum,PT-USDai-18JUN2026,8.33,8.33
1488,2026-02-22,Pendle LP,ethereum,PT-jrNUSD-28MAY2026,12.97,8.33
1489,2026-02-22,Pendle LP,ethereum,PT-reUSDe-25JUN2026,15.06,8.33
1490,2026-02-22,Pendle LP,ethereum,PT-sNUSD-5MAR2026,10.64,8.33
1491,2026-02-22,Pendle LP,arbitrum,PT-sUSDai-15OCT2026,13.88,8.33
1492,2026-02-22,Pendle PT,ethereum,PT-jrNUSD-28MAY2026,11.75,8.33
1493,2026-02-22,Pendle PT,ethereum,PT-reUSDe-25JUN2026,20,8.33
1494,2026-02-22,Pendle PT,ethereum,PT-sNUSD-5MAR2026,18,8.33
1495,2026-02-22,Pendle PT,arbitrum,PT-sUSDai-15OCT2026,7.61,8.33
1496,2026-02-22,Pendle PT,ethereum,PT-srUSDe-2APR2026,6.53,8.33
1497,2026-02-22,Pendle PT,arbitrum,PT-thBILL-18JUN2026,8,8.33
1498,2026-02-22,Uniswap MM,arbitrum,WBTC/USDT,10.83,8.33
1499,2026-02-23,Pendle LP,arbitrum,PT-USDai-18JUN2026,9.32,5.56
1500,2026-02-23,Pendle LP,ethereum,PT-jrNUSD-28MAY2026,12.81,5.56
1501,2026-02-23,Pendle LP,ethereum,PT-reUSDe-25JUN2026,15.04,5.56
1502,2026-02-23,Pendle LP,ethereum,PT-sNUSD-5MAR2026,10.46,5.56
1503,2026-02-23,Pendle LP,arbitrum,PT-sUSDai-15OCT2026,13.8,5.56
1504,2026-02-23,Pendle PT,ethereum,PT-jrNUSD-28MAY2026,11.75,5.56
1505,2026-02-23,Pendle PT,ethereum,PT-reUSDe-25JUN2026,20,5.56
1506,2026-02-23,Pendle PT,ethereum,PT-sNUSD-5MAR2026,18,5.56
1507,2026-02-23,Pendle PT,arbitrum,PT-sUSDai-15OCT2026,7.61,5.56
1508,2026-02-23,Pendle PT,ethereum,PT-srUSDe-2APR2026,6.53,5.56
1509,2026-02-23,Pendle PT,arbitrum,PT-thBILL-18JUN2026,8,5.56
1510,2026-02-23,Uniswap MM,mainnet,ETH/USDC,6.74,5.56
1511,2026-02-23,Uniswap MM,mainnet,USDC/cbBTC,42.74,5.56
1512,2026-02-23,Uniswap MM,arbitrum,WBTC/USDC,15.27,5.56
1513,2026-02-23,Uniswap MM,mainnet,WBTC/USDC,18.35,5.56
1514,2026-02-23,Uniswap MM,unichain,WBTC/USDC,7.65,5.56
1515,2026-02-23,Uniswap MM,arbitrum,WBTC/USDT,23,5.56
1516,2026-02-23,Uniswap MM,mainnet,WBTC/USDT,6.73,5.56
1517,2026-02-24,Pendle LP,arbitrum,PT-USDai-18JUN2026,9.22,6.67
1518,2026-02-24,Pendle LP,ethereum,PT-jrNUSD-28MAY2026,12.45,6.67
1519,2026-02-24,Pendle LP,ethereum,PT-reUSDe-25JUN2026,15.07,6.67
1520,2026-02-24,Pendle LP,ethereum,PT-sNUSD-5MAR2026,10.29,6.67
1521,2026-02-24,Pendle LP,arbitrum,PT-sUSDai-15OCT2026,11.95,6.67
1522,2026-02-24,Pendle PT,ethereum,PT-jrNUSD-28MAY2026,11.75,6.67
1523,2026-02-24,Pendle PT,ethereum,PT-reUSDe-25JUN2026,20,6.67
1524,2026-02-24,Pendle PT,ethereum,PT-sNUSD-5MAR2026,18,6.67
1525,2026-02-24,Pendle PT,arbitrum,PT-sUSDai-15OCT2026,7.61,6.67
1526,2026-02-24,Pendle PT,ethereum,PT-srUSDe-2APR2026,6.53,6.67
1527,2026-02-24,Pendle PT,arbitrum,PT-thBILL-18JUN2026,8,6.67
1528,2026-02-24,Uniswap MM,mainnet,USDC/cbBTC,44.33,6.67
1529,2026-02-24,Uniswap MM,arbitrum,WBTC/USDC,15,6.67
1530,2026-02-24,Uniswap MM,mainnet,WBTC/USDC,11.81,6.67
1531,2026-02-24,Uniswap MM,arbitrum,WBTC/USDT,11.59,6.67
1532,2026-02-25,Pendle LP,arbitrum,PT-USDai-18JUN2026,9.87,4.76
1533,2026-02-25,Pendle LP,ethereum,PT-jrNUSD-28MAY2026,13.36,4.76
1534,2026-02-25,Pendle LP,ethereum,PT-reUSDe-25JUN2026,15.25,4.76
1535,2026-02-25,Pendle LP,ethereum,PT-sNUSD-5MAR2026,10.01,4.76
1536,2026-02-25,Pendle LP,arbitrum,PT-sUSDai-15OCT2026,12.19,4.76
1537,2026-02-25,Pendle PT,ethereum,PT-jrNUSD-28MAY2026,11.75,4.76
1538,2026-02-25,Pendle PT,ethereum,PT-reUSDe-25JUN2026,20,4.76
1539,2026-02-25,Pendle PT,ethereum,PT-sNUSD-5MAR2026,18,4.76
1540,2026-02-25,Pendle PT,arbitrum,PT-sUSDai-15OCT2026,7.61,4.76
1541,2026-02-25,Pendle PT,ethereum,PT-srUSDe-2APR2026,6.53,4.76
1542,2026-02-25,Pendle PT,arbitrum,PT-thBILL-18JUN2026,8,4.76
1543,2026-02-25,Uniswap MM,arbitrum,ETH/USDC,12.45,4.76
1544,2026-02-25,Uniswap MM,mainnet,ETH/USDC,11.63,4.76
1545,2026-02-25,Uniswap MM,arbitrum,ETH/USDT,15.93,4.76
1546,2026-02-25,Uniswap MM,mainnet,ETH/USDT,7.67,4.76
1547,2026-02-25,Uniswap MM,mainnet,USDC/cbBTC,26.99,4.76
1548,2026-02-25,Uniswap MM,arbitrum,WBTC/USDC,31.14,4.76
1549,2026-02-25,Uniswap MM,mainnet,WBTC/USDC,65.18,4.76
1550,2026-02-25,Uniswap MM,unichain,WBTC/USDC,11.07,4.76
1551,2026-02-25,Uniswap MM,arbitrum,WBTC/USDT,20.56,4.76
1552,2026-02-25,Uniswap MM,mainnet,WBTC/USDT,8.06,4.76
1553,2026-02-26,Pendle LP,ethereum,PT-jrNUSD-28MAY2026,12.57,5.56
1554,2026-02-26,Pendle LP,ethereum,PT-reUSDe-25JUN2026,15.21,5.56
1555,2026-02-26,Pendle LP,ethereum,PT-sNUSD-5MAR2026,9.68,5.56
1556,2026-02-26,Pendle LP,arbitrum,PT-sUSDai-15OCT2026,11.57,5.56
1557,2026-02-26,Pendle PT,ethereum,PT-jrNUSD-28MAY2026,11.75,5.56
1558,2026-02-26,Pendle PT,ethereum,PT-reUSDe-25JUN2026,20,5.56
1559,2026-02-26,Pendle PT,ethereum,PT-sNUSD-5MAR2026,18,5.56
1560,2026-02-26,Pendle PT,arbitrum,PT-sUSDai-15OCT2026,7.61,5.56
1561,2026-02-26,Pendle PT,ethereum,PT-srUSDe-2APR2026,6.53,5.56
1562,2026-02-26,Pendle PT,arbitrum,PT-thBILL-18JUN2026,8,5.56
1563,2026-02-26,Uniswap MM,arbitrum,ETH/USDC,8.42,5.56
1564,2026-02-26,Uniswap MM,mainnet,ETH/USDC,7.07,5.56
1565,2026-02-26,Uniswap MM,arbitrum,ETH/USDT,11.15,5.56
1566,2026-02-26,Uniswap MM,mainnet,ETH/USDT,8.26,5.56
1567,2026-02-26,Uniswap MM,mainnet,USDC/cbBTC,13.64,5.56
1568,2026-02-26,Uniswap MM,arbitrum,WBTC/USDC,23.01,5.56
1569,2026-02-26,Uniswap MM,mainnet,WBTC/USDC,45.34,5.56
1570,2026-02-26,Uniswap MM,arbitrum,WBTC/USDT,14.73,5.56
1571,2026-02-27,Pendle LP,ethereum,PT-jrNUSD-28MAY2026,12.33,5.26
1572,2026-02-27,Pendle LP,ethereum,PT-reUSDe-25JUN2026,15.11,5.26
1573,2026-02-27,Pendle LP,ethereum,PT-sNUSD-5MAR2026,9.49,5.26
1574,2026-02-27,Pendle LP,arbitrum,PT-sUSDai-15OCT2026,12.64,5.26
1575,2026-02-27,Pendle PT,ethereum,PT-jrNUSD-28MAY2026,11.75,5.26
1576,2026-02-27,Pendle PT,ethereum,PT-reUSDe-25JUN2026,20,5.26
1577,2026-02-27,Pendle PT,ethereum,PT-sNUSD-5MAR2026,18,5.26
1578,2026-02-27,Pendle PT,arbitrum,PT-sUSDai-15OCT2026,7.61,5.26
1579,2026-02-27,Pendle PT,ethereum,PT-srUSDe-2APR2026,6.53,5.26
1580,2026-02-27,Pendle PT,arbitrum,PT-thBILL-18JUN2026,8,5.26
1581,2026-02-27,Uniswap MM,arbitrum,ETH/USDC,8.89,5.26
1582,2026-02-27,Uniswap MM,mainnet,ETH/USDC,6.59,5.26
1583,2026-02-27,Uniswap MM,arbitrum,ETH/USDT,9.78,5.26
1584,2026-02-27,Uniswap MM,mainnet,ETH/USDT,6.88,5.26
1585,2026-02-27,Uniswap MM,mainnet,USDC/cbBTC,15.23,5.26
1586,2026-02-27,Uniswap MM,arbitrum,WBTC/USDC,21.01,5.26
1587,2026-02-27,Uniswap MM,mainnet,WBTC/USDC,31.97,5.26
1588,2026-02-27,Uniswap MM,unichain,WBTC/USDC,6.88,5.26
1589,2026-02-27,Uniswap MM,arbitrum,WBTC/USDT,13.28,5.26
1590,2026-02-28,Pendle LP,arbitrum,PT-USDai-18JUN2026,6.59,4.76
1591,2026-02-28,Pendle LP,ethereum,PT-jrNUSD-28MAY2026,14.15,4.76
1592,2026-02-28,Pendle LP,ethereum,PT-reUSDe-25JUN2026,15.16,4.76
1593,2026-02-28,Pendle LP,ethereum,PT-sNUSD-5MAR2026,9.25,4.76
1594,2026-02-28,Pendle LP,arbitrum,PT-sUSDai-15OCT2026,12.77,4.76
1595,2026-02-28,Pendle PT,ethereum,PT-jrNUSD-28MAY2026,11.75,4.76
1596,2026-02-28,Pendle PT,ethereum,PT-reUSDe-25JUN2026,20,4.76
1597,2026-02-28,Pendle PT,ethereum,PT-sNUSD-5MAR2026,18,4.76
1598,2026-02-28,Pendle PT,arbitrum,PT-sUSDai-15OCT2026,7.61,4.76
1599,2026-02-28,Pendle PT,ethereum,PT-srUSDe-2APR2026,6.53,4.76
1600,2026-02-28,Pendle PT,arbitrum,PT-thBILL-18JUN2026,8,4.76
1601,2026-02-28,Uniswap MM,arbitrum,ETH/USDC,21.7,4.76
1602,2026-02-28,Uniswap MM,mainnet,ETH/USDC,15.06,4.76
1603,2026-02-28,Uniswap MM,arbitrum,ETH/USDT,13.91,4.76
1604,2026-02-28,Uniswap MM,mainnet,ETH/USDT,7.92,4.76
1605,2026-02-28,Uniswap MM,mainnet,USDC/cbBTC,35.65,4.76
1606,2026-02-28,Uniswap MM,arbitrum,WBTC/USDC,25.86,4.76
1607,2026-02-28,Uniswap MM,mainnet,WBTC/USDC,34.24,4.76
1608,2026-02-28,Uniswap MM,unichain,WBTC/USDC,7.55,4.76
1609,2026-02-28,Uniswap MM,arbitrum,WBTC/USDT,15.71,4.76
1610,2026-02-28,Uniswap MM,mainnet,WBTC/USDT,9.25,4.76
1611,2026-03-01,Pendle LP,ethereum,PT-jrNUSD-28MAY2026,13.9,5
1612,2026-03-01,Pendle LP,ethereum,PT-reUSDe-25JUN2026,15.1,5
1613,2026-03-01,Pendle LP,ethereum,PT-sNUSD-5MAR2026,8.91,5
1614,2026-03-01,Pendle LP,arbitrum,PT-sUSDai-15OCT2026,12.47,5
1615,2026-03-01,Pendle PT,ethereum,PT-jrNUSD-28MAY2026,11.75,5
1616,2026-03-01,Pendle PT,ethereum,PT-reUSDe-25JUN2026,20,5
1617,2026-03-01,Pendle PT,ethereum,PT-sNUSD-5MAR2026,18,5
1618,2026-03-01,Pendle PT,arbitrum,PT-sUSDai-15OCT2026,7.61,5
1619,2026-03-01,Pendle PT,ethereum,PT-srUSDe-2APR2026,6.53,5
1620,2026-03-01,Pendle PT,arbitrum,PT-thBILL-18JUN2026,8,5
1621,2026-03-01,Uniswap MM,arbitrum,ETH/USDC,25.64,5
1622,2026-03-01,Uniswap MM,mainnet,ETH/USDC,42.18,5
1623,2026-03-01,Uniswap MM,arbitrum,ETH/USDT,16.46,5
1624,2026-03-01,Uniswap MM,mainnet,ETH/USDT,9.02,5
1625,2026-03-01,Uniswap MM,mainnet,USDC/cbBTC,15.54,5
1626,2026-03-01,Uniswap MM,arbitrum,WBTC/USDC,29.85,5
1627,2026-03-01,Uniswap MM,mainnet,WBTC/USDC,38.61,5
1628,2026-03-01,Uniswap MM,unichain,WBTC/USDC,8.84,5
1629,2026-03-01,Uniswap MM,arbitrum,WBTC/USDT,19.31,5
1630,2026-03-01,Uniswap MM,mainnet,WBTC/USDT,7.22,5
1631,2026-03-02,Pendle LP,ethereum,PT-jrNUSD-28MAY2026,13.82,5
1632,2026-03-02,Pendle LP,ethereum,PT-reUSDe-25JUN2026,15.21,5
1633,2026-03-02,Pendle LP,ethereum,PT-sNUSD-5MAR2026,8.88,5
1634,2026-03-02,Pendle LP,arbitrum,PT-sUSDai-15OCT2026,13.1,5
1635,2026-03-02,Pendle PT,ethereum,PT-jrNUSD-28MAY2026,11.75,5
1636,2026-03-02,Pendle PT,ethereum,PT-reUSDe-25JUN2026,20,5
1637,2026-03-02,Pendle PT,ethereum,PT-sNUSD-5MAR2026,18,5
1638,2026-03-02,Pendle PT,arbitrum,PT-sUSDai-15OCT2026,7.61,5
1639,2026-03-02,Pendle PT,ethereum,PT-srUSDe-2APR2026,6.53,5
1640,2026-03-02,Pendle PT,arbitrum,PT-thBILL-18JUN2026,8,5
1641,2026-03-02,Uniswap MM,arbitrum,ETH/USDC,27.16,5
1642,2026-03-02,Uniswap MM,mainnet,ETH/USDC,38.34,5
1643,2026-03-02,Uniswap MM,arbitrum,ETH/USDT,17.32,5
1644,2026-03-02,Uniswap MM,mainnet,ETH/USDT,8.99,5
1645,2026-03-02,Uniswap MM,mainnet,USDC/cbBTC,27.85,5
1646,2026-03-02,Uniswap MM,arbitrum,WBTC/USDC,35.42,5
1647,2026-03-02,Uniswap MM,mainnet,WBTC/USDC,96.31,5
1648,2026-03-02,Uniswap MM,unichain,WBTC/USDC,9.61,5
1649,2026-03-02,Uniswap MM,arbitrum,WBTC/USDT,21.43,5
1650,2026-03-02,Uniswap MM,mainnet,WBTC/USDT,9.08,5
1651,2026-03-03,Pendle LP,ethereum,PT-jrNUSD-28MAY2026,13.44,4.76
1652,2026-03-03,Pendle LP,ethereum,PT-reUSDe-25JUN2026,15.09,4.76
1653,2026-03-03,Pendle LP,ethereum,PT-sNUSD-5MAR2026,8.73,4.76
1654,2026-03-03,Pendle LP,arbitrum,PT-sUSDai-15OCT2026,14.47,4.76
1655,2026-03-03,Pendle LP,arbitrum,PT-thBILL-18JUN2026,7.27,4.76
1656,2026-03-03,Pendle PT,ethereum,PT-jrNUSD-28MAY2026,11.75,4.76
1657,2026-03-03,Pendle PT,ethereum,PT-reUSDe-25JUN2026,20,4.76
1658,2026-03-03,Pendle PT,ethereum,PT-sNUSD-5MAR2026,18,4.76
1659,2026-03-03,Pendle PT,arbitrum,PT-sUSDai-15OCT2026,7.61,4.76
1660,2026-03-03,Pendle PT,ethereum,PT-srUSDe-2APR2026,6.53,4.76
1661,2026-03-03,Pendle PT,arbitrum,PT-thBILL-18JUN2026,8,4.76
1662,2026-03-03,Uniswap MM,arbitrum,ETH/USDC,23.46,4.76
1663,2026-03-03,Uniswap MM,mainnet,ETH/USDC,22.83,4.76
1664,2026-03-03,Uniswap MM,arbitrum,ETH/USDT,16.55,4.76
1665,2026-03-03,Uniswap MM,mainnet,ETH/USDT,8.42,4.76
1666,2026-03-03,Uniswap MM,mainnet,USDC/cbBTC,25.26,4.76
1667,2026-03-03,Uniswap MM,arbitrum,WBTC/USDC,37.41,4.76
1668,2026-03-03,Uniswap MM,mainnet,WBTC/USDC,86.91,4.76
1669,2026-03-03,Uniswap MM,unichain,WBTC/USDC,10.9,4.76
1670,2026-03-03,Uniswap MM,arbitrum,WBTC/USDT,22.65,4.76
1671,2026-03-03,Uniswap MM,mainnet,WBTC/USDT,8.86,4.76
1672,2026-03-04,Pendle LP,arbitrum,PT-USDai-18JUN2026,11.28,4.55
1673,2026-03-04,Pendle LP,ethereum,PT-jrNUSD-28MAY2026,12.86,4.55
1674,2026-03-04,Pendle LP,ethereum,PT-reUSDe-25JUN2026,15.05,4.55
1675,2026-03-04,Pendle LP,ethereum,PT-sNUSD-5MAR2026,9.92,4.55
1676,2026-03-04,Pendle LP,arbitrum,PT-sUSDai-15OCT2026,14.83,4.55
1677,2026-03-04,Pendle LP,arbitrum,PT-thBILL-18JUN2026,7.44,4.55
1678,2026-03-04,Pendle PT,ethereum,PT-jrNUSD-28MAY2026,11.75,4.55
1679,2026-03-04,Pendle PT,ethereum,PT-reUSDe-25JUN2026,20,4.55
1680,2026-03-04,Pendle PT,ethereum,PT-sNUSD-5MAR2026,18,4.55
1681,2026-03-04,Pendle PT,arbitrum,PT-sUSDai-15OCT2026,7.61,4.55
1682,2026-03-04,Pendle PT,ethereum,PT-srUSDe-2APR2026,6.53,4.55
1683,2026-03-04,Pendle PT,arbitrum,PT-thBILL-18JUN2026,8,4.55
1684,2026-03-04,Uniswap MM,arbitrum,ETH/USDC,30.23,4.55
1685,2026-03-04,Uniswap MM,mainnet,ETH/USDC,33.28,4.55
1686,2026-03-04,Uniswap MM,arbitrum,ETH/USDT,18.65,4.55
1687,2026-03-04,Uniswap MM,mainnet,ETH/USDT,12.85,4.55
1688,2026-03-04,Uniswap MM,mainnet,USDC/cbBTC,65.35,4.55
1689,2026-03-04,Uniswap MM,arbitrum,WBTC/USDC,34.05,4.55
1690,2026-03-04,Uniswap MM,mainnet,WBTC/USDC,73.49,4.55
1691,2026-03-04,Uniswap MM,unichain,WBTC/USDC,11.51,4.55
1692,2026-03-04,Uniswap MM,arbitrum,WBTC/USDT,31.04,4.55
1693,2026-03-04,Uniswap MM,mainnet,WBTC/USDT,12.26,4.55
1694,2026-03-05,Pendle LP,arbitrum,PT-USDai-18JUN2026,10.99,5
1695,2026-03-05,Pendle LP,ethereum,PT-jrNUSD-28MAY2026,12.35,5
1696,2026-03-05,Pendle LP,ethereum,PT-reUSDe-25JUN2026,15.01,5
1697,2026-03-05,Pendle LP,arbitrum,PT-sUSDai-15OCT2026,14.18,5
1698,2026-03-05,Pendle LP,arbitrum,PT-thBILL-18JUN2026,7.6,5
1699,2026-03-05,Pendle PT,ethereum,PT-jrNUSD-28MAY2026,11.75,5
1700,2026-03-05,Pendle PT,ethereum,PT-reUSDe-25JUN2026,20,5
1701,2026-03-05,Pendle PT,ethereum,PT-sNUSD-5MAR2026,18,5
1702,2026-03-05,Pendle PT,arbitrum,PT-sUSDai-15OCT2026,7.61,5
1703,2026-03-05,Pendle PT,ethereum,PT-srUSDe-2APR2026,6.53,5
1704,2026-03-05,Pendle PT,arbitrum,PT-thBILL-18JUN2026,8,5
1705,2026-03-05,Uniswap MM,arbitrum,ETH/USDC,27.42,5
1706,2026-03-05,Uniswap MM,mainnet,ETH/USDC,22.08,5
1707,2026-03-05,Uniswap MM,arbitrum,ETH/USDT,13.94,5
1708,2026-03-05,Uniswap MM,mainnet,ETH/USDT,7.55,5
1709,2026-03-05,Uniswap MM,mainnet,USDC/cbBTC,36.98,5
1710,2026-03-05,Uniswap MM,arbitrum,WBTC/USDC,26.32,5
1711,2026-03-05,Uniswap MM,mainnet,WBTC/USDC,20.28,5
1712,2026-03-05,Uniswap MM,unichain,WBTC/USDC,7.24,5
1713,2026-03-05,Uniswap MM,arbitrum,WBTC/USDT,24.81,5
1714,2026-03-06,Pendle LP,arbitrum,PT-USDai-18JUN2026,10.35,5.56
1715,2026-03-06,Pendle LP,ethereum,PT-jrNUSD-28MAY2026,12.47,5.56
1716,2026-03-06,Pendle LP,ethereum,PT-reUSDe-25JUN2026,14.93,5.56
1717,2026-03-06,Pendle LP,arbitrum,PT-sUSDai-15OCT2026,12.56,5.56
1718,2026-03-06,Pendle LP,arbitrum,PT-thBILL-18JUN2026,7.39,5.56
1719,2026-03-06,Pendle PT,ethereum,PT-jrNUSD-28MAY2026,11.75,5.56
1720,2026-03-06,Pendle PT,ethereum,PT-reUSDe-25JUN2026,20,5.56
1721,2026-03-06,Pendle PT,arbitrum,PT-sUSDai-15OCT2026,7.61,5.56
1722,2026-03-06,Pendle PT,ethereum,PT-srUSDe-2APR2026,6.53,5.56
1723,2026-03-06,Pendle PT,arbitrum,PT-thBILL-18JUN2026,8,5.56
1724,2026-03-06,Uniswap MM,arbitrum,ETH/USDC,16.62,5.56
1725,2026-03-06,Uniswap MM,mainnet,ETH/USDC,15.15,5.56
1726,2026-03-06,Uniswap MM,arbitrum,ETH/USDT,11.23,5.56
1727,2026-03-06,Uniswap MM,mainnet,ETH/USDT,6.77,5.56
1728,2026-03-06,Uniswap MM,mainnet,USDC/cbBTC,17.61,5.56
1729,2026-03-06,Uniswap MM,arbitrum,WBTC/USDC,27.1,5.56
1730,2026-03-06,Uniswap MM,mainnet,WBTC/USDC,49.87,5.56
1731,2026-03-06,Uniswap MM,arbitrum,WBTC/USDT,18.84,5.56
1732,2026-03-07,Pendle LP,arbitrum,PT-USDai-18JUN2026,7.18,8.33
1733,2026-03-07,Pendle LP,ethereum,PT-jrNUSD-28MAY2026,12.08,8.33
1734,2026-03-07,Pendle LP,ethereum,PT-reUSDe-25JUN2026,14.86,8.33
1735,2026-03-07,Pendle LP,arbitrum,PT-sUSDai-15OCT2026,12.93,8.33
1736,2026-03-07,Pendle LP,arbitrum,PT-thBILL-18JUN2026,7.22,8.33
1737,2026-03-07,Pendle PT,ethereum,PT-jrNUSD-28MAY2026,11.75,8.33
1738,2026-03-07,Pendle PT,ethereum,PT-reUSDe-25JUN2026,20,8.33
1739,2026-03-07,Pendle PT,arbitrum,PT-sUSDai-15OCT2026,7.61,8.33
1740,2026-03-07,Pendle PT,ethereum,PT-srUSDe-2APR2026,6.53,8.33
1741,2026-03-07,Pendle PT,arbitrum,PT-thBILL-18JUN2026,8,8.33
1742,2026-03-07,Uniswap MM,arbitrum,WBTC/USDC,9.11,8.33
1743,2026-03-07,Uniswap MM,mainnet,WBTC/USDC,13.6,8.33
1744,2026-03-08,Pendle LP,arbitrum,PT-USDai-18JUN2026,7.17,6.25
1745,2026-03-08,Pendle LP,ethereum,PT-jrNUSD-28MAY2026,12.58,6.25
1746,2026-03-08,Pendle LP,ethereum,PT-reUSDe-25JUN2026,14.81,6.25
1747,2026-03-08,Pendle LP,arbitrum,PT-sUSDai-15OCT2026,12.91,6.25
1748,2026-03-08,Pendle LP,arbitrum,PT-thBILL-18JUN2026,7.26,6.25
1749,2026-03-08,Pendle PT,ethereum,PT-jrNUSD-28MAY2026,11.75,6.25
1750,2026-03-08,Pendle PT,ethereum,PT-reUSDe-25JUN2026,20,6.25
1751,2026-03-08,Pendle PT,arbitrum,PT-sUSDai-15OCT2026,7.61,6.25
1752,2026-03-08,Pendle PT,ethereum,PT-srUSDe-2APR2026,6.53,6.25
1753,2026-03-08,Pendle PT,arbitrum,PT-thBILL-18JUN2026,8,6.25
1754,2026-03-08,Uniswap MM,arbitrum,ETH/USDC,8.67,6.25
1755,2026-03-08,Uniswap MM,mainnet,ETH/USDC,12.27,6.25
1756,2026-03-08,Uniswap MM,arbitrum,ETH/USDT,8.2,6.25
1757,2026-03-08,Uniswap MM,arbitrum,WBTC/USDC,20.41,6.25
1758,2026-03-08,Uniswap MM,mainnet,WBTC/USDC,31.6,6.25
1759,2026-03-08,Uniswap MM,arbitrum,WBTC/USDT,11.57,6.25
1760,2026-03-09,Pendle LP,arbitrum,PT-USDai-18JUN2026,10.36,5
1761,2026-03-09,Pendle LP,ethereum,PT-jrNUSD-28MAY2026,12.77,5
1762,2026-03-09,Pendle LP,ethereum,PT-reUSDe-25JUN2026,14.84,5
1763,2026-03-09,Pendle LP,arbitrum,PT-sUSDai-15OCT2026,13.13,5
1764,2026-03-09,Pendle LP,arbitrum,PT-thBILL-18JUN2026,7.39,5
1765,2026-03-09,Pendle PT,ethereum,PT-jrNUSD-28MAY2026,11.75,5
1766,2026-03-09,Pendle PT,ethereum,PT-reUSDe-25JUN2026,20,5
1767,2026-03-09,Pendle PT,arbitrum,PT-sUSDai-15OCT2026,7.61,5
1768,2026-03-09,Pendle PT,ethereum,PT-srUSDe-2APR2026,6.53,5
1769,2026-03-09,Pendle PT,arbitrum,PT-thBILL-18JUN2026,8,5
1770,2026-03-09,Uniswap MM,arbitrum,ETH/USDC,19.56,5
1771,2026-03-09,Uniswap MM,mainnet,ETH/USDC,24.48,5
1772,2026-03-09,Uniswap MM,arbitrum,ETH/USDT,15.42,5
1773,2026-03-09,Uniswap MM,mainnet,ETH/USDT,6.71,5
1774,2026-03-09,Uniswap MM,mainnet,USDC/cbBTC,17.25,5
1775,2026-03-09,Uniswap MM,arbitrum,WBTC/USDC,34.92,5
1776,2026-03-09,Uniswap MM,mainnet,WBTC/USDC,67.58,5
1777,2026-03-09,Uniswap MM,unichain,WBTC/USDC,7.57,5
1778,2026-03-09,Uniswap MM,arbitrum,WBTC/USDT,18.38,5
1779,2026-03-09,Uniswap MM,mainnet,WBTC/USDT,8.95,5
1780,2026-03-10,Pendle LP,arbitrum,PT-USDai-18JUN2026,13.88,5
1781,2026-03-10,Pendle LP,ethereum,PT-jrNUSD-28MAY2026,13.03,5
1782,2026-03-10,Pendle LP,ethereum,PT-reUSDe-25JUN2026,14.95,5
1783,2026-03-10,Pendle LP,arbitrum,PT-sUSDai-15OCT2026,12.28,5
1784,2026-03-10,Pendle LP,arbitrum,PT-thBILL-18JUN2026,11.26,5
1785,2026-03-10,Pendle PT,ethereum,PT-jrNUSD-28MAY2026,11.75,5
1786,2026-03-10,Pendle PT,ethereum,PT-reUSDe-25JUN2026,20,5
1787,2026-03-10,Pendle PT,arbitrum,PT-sUSDai-15OCT2026,7.61,5
1788,2026-03-10,Pendle PT,ethereum,PT-srUSDe-2APR2026,6.53,5
1789,2026-03-10,Pendle PT,arbitrum,PT-thBILL-18JUN2026,8,5
1790,2026-03-10,Uniswap MM,arbitrum,ETH/USDC,17.29,5
1791,2026-03-10,Uniswap MM,mainnet,ETH/USDC,18.01,5
1792,2026-03-10,Uniswap MM,arbitrum,ETH/USDT,13.96,5
1793,2026-03-10,Uniswap MM,mainnet,ETH/USDT,6.55,5
1794,2026-03-10,Uniswap MM,mainnet,USDC/cbBTC,43.18,5
1795,2026-03-10,Uniswap MM,arbitrum,WBTC/USDC,34.59,5
1796,2026-03-10,Uniswap MM,mainnet,WBTC/USDC,69.91,5
1797,2026-03-10,Uniswap MM,unichain,WBTC/USDC,9.4,5
1798,2026-03-10,Uniswap MM,arbitrum,WBTC/USDT,23.46,5
1799,2026-03-10,Uniswap MM,mainnet,WBTC/USDT,8.69,5
1800,2026-03-11,Pendle LP,arbitrum,PT-USDai-18JUN2026,12.05,5.56
1801,2026-03-11,Pendle LP,ethereum,PT-jrNUSD-28MAY2026,13,5.56
1802,2026-03-11,Pendle LP,ethereum,PT-reUSDe-25JUN2026,15.04,5.56
1803,2026-03-11,Pendle LP,arbitrum,PT-sUSDai-15OCT2026,11.6,5.56
1804,2026-03-11,Pendle LP,arbitrum,PT-thBILL-18JUN2026,11.78,5.56
1805,2026-03-11,Pendle PT,ethereum,PT-jrNUSD-28MAY2026,11.75,5.56
1806,2026-03-11,Pendle PT,ethereum,PT-reUSDe-25JUN2026,20,5.56
1807,2026-03-11,Pendle PT,arbitrum,PT-sUSDai-15OCT2026,7.61,5.56
1808,2026-03-11,Pendle PT,ethereum,PT-srUSDe-2APR2026,6.53,5.56
1809,2026-03-11,Pendle PT,arbitrum,PT-thBILL-18JUN2026,8,5.56
1810,2026-03-11,Uniswap MM,arbitrum,ETH/USDC,13.78,5.56
1811,2026-03-11,Uniswap MM,mainnet,ETH/USDC,17.09,5.56
1812,2026-03-11,Uniswap MM,arbitrum,ETH/USDT,14.02,5.56
1813,2026-03-11,Uniswap MM,mainnet,USDC/cbBTC,32.14,5.56
1814,2026-03-11,Uniswap MM,arbitrum,WBTC/USDC,27.4,5.56
1815,2026-03-11,Uniswap MM,mainnet,WBTC/USDC,52.93,5.56
1816,2026-03-11,Uniswap MM,unichain,WBTC/USDC,6.64,5.56
1817,2026-03-11,Uniswap MM,arbitrum,WBTC/USDT,18.53,5.56
1818,2026-03-12,Pendle LP,arbitrum,PT-USDai-18JUN2026,11.44,5.26
1819,2026-03-12,Pendle LP,ethereum,PT-jrNUSD-28MAY2026,11.85,5.26
1820,2026-03-12,Pendle LP,ethereum,PT-reUSDe-25JUN2026,15.03,5.26
1821,2026-03-12,Pendle LP,arbitrum,PT-sUSDai-15OCT2026,11.55,5.26
1822,2026-03-12,Pendle LP,arbitrum,PT-thBILL-18JUN2026,12.05,5.26
1823,2026-03-12,Pendle PT,ethereum,PT-jrNUSD-28MAY2026,11.75,5.26
1824,2026-03-12,Pendle PT,ethereum,PT-reUSDe-25JUN2026,20,5.26
1825,2026-03-12,Pendle PT,arbitrum,PT-sUSDai-15OCT2026,7.61,5.26
1826,2026-03-12,Pendle PT,ethereum,PT-srUSDe-2APR2026,6.53,5.26
1827,2026-03-12,Pendle PT,arbitrum,PT-thBILL-18JUN2026,8,5.26
1828,2026-03-12,Uniswap MM,arbitrum,ETH/USDC,13.89,5.26
1829,2026-03-12,Uniswap MM,mainnet,ETH/USDC,25.6,5.26
1830,2026-03-12,Uniswap MM,arbitrum,ETH/USDT,13.33,5.26
1831,2026-03-12,Uniswap MM,mainnet,ETH/USDT,7.64,5.26
1832,2026-03-12,Uniswap MM,mainnet,USDC/cbBTC,37.46,5.26
1833,2026-03-12,Uniswap MM,arbitrum,WBTC/USDC,26.96,5.26
1834,2026-03-12,Uniswap MM,mainnet,WBTC/USDC,77.16,5.26
1835,2026-03-12,Uniswap MM,arbitrum,WBTC/USDT,17.18,5.26
1836,2026-03-12,Uniswap MM,mainnet,WBTC/USDT,15.51,5.26
1837,2026-03-13,Pendle LP,arbitrum,PT-USDai-18JUN2026,11.09,5.56
1838,2026-03-13,Pendle LP,ethereum,PT-jrNUSD-28MAY2026,11.86,5.56
1839,2026-03-13,Pendle LP,ethereum,PT-reUSDe-25JUN2026,15.12,5.56
1840,2026-03-13,Pendle LP,arbitrum,PT-sUSDai-15OCT2026,11.74,5.56
1841,2026-03-13,Pendle LP,arbitrum,PT-thBILL-18JUN2026,11.46,5.56
1842,2026-03-13,Pendle PT,ethereum,PT-jrNUSD-28MAY2026,11.75,5.56
1843,2026-03-13,Pendle PT,ethereum,PT-reUSDe-25JUN2026,20,5.56
1844,2026-03-13,Pendle PT,arbitrum,PT-sUSDai-15OCT2026,7.61,5.56
1845,2026-03-13,Pendle PT,ethereum,PT-srUSDe-2APR2026,6.53,5.56
1846,2026-03-13,Pendle PT,arbitrum,PT-thBILL-18JUN2026,8,5.56
1847,2026-03-13,Uniswap MM,arbitrum,ETH/USDC,21.2,5.56
1848,2026-03-13,Uniswap MM,mainnet,ETH/USDC,25.25,5.56
1849,2026-03-13,Uniswap MM,arbitrum,ETH/USDT,14.07,5.56
1850,2026-03-13,Uniswap MM,mainnet,USDC/cbBTC,39.27,5.56
1851,2026-03-13,Uniswap MM,arbitrum,WBTC/USDC,34.53,5.56
1852,2026-03-13,Uniswap MM,mainnet,WBTC/USDC,31.51,5.56
1853,2026-03-13,Uniswap MM,unichain,WBTC/USDC,6.88,5.56
1854,2026-03-13,Uniswap MM,arbitrum,WBTC/USDT,26.09,5.56
1855,2026-03-14,Pendle LP,arbitrum,PT-USDai-18JUN2026,8.8,9.09
1856,2026-03-14,Pendle LP,ethereum,PT-jrNUSD-28MAY2026,11.49,9.09
1857,2026-03-14,Pendle LP,ethereum,PT-reUSDe-25JUN2026,15.06,9.09
1858,2026-03-14,Pendle LP,arbitrum,PT-sUSDai-15OCT2026,11.1,9.09
1859,2026-03-14,Pendle LP,arbitrum,PT-thBILL-18JUN2026,11.68,9.09
1860,2026-03-14,Pendle PT,ethereum,PT-jrNUSD-28MAY2026,11.75,9.09
1861,2026-03-14,Pendle PT,ethereum,PT-reUSDe-25JUN2026,20,9.09
1862,2026-03-14,Pendle PT,arbitrum,PT-sUSDai-15OCT2026,7.61,9.09
1863,2026-03-14,Pendle PT,ethereum,PT-srUSDe-2APR2026,6.53,9.09
1864,2026-03-14,Pendle PT,arbitrum,PT-thBILL-18JUN2026,8,9.09
1865,2026-03-14,Uniswap MM,arbitrum,WBTC/USDC,7.57,9.09
1866,2026-03-15,Pendle LP,arbitrum,PT-USDai-18JUN2026,8.77,6.25
1867,2026-03-15,Pendle LP,ethereum,PT-jrNUSD-28MAY2026,11.25,6.25
1868,2026-03-15,Pendle LP,ethereum,PT-reUSDe-25JUN2026,15.08,6.25
1869,2026-03-15,Pendle LP,arbitrum,PT-sUSDai-15OCT2026,10.93,6.25
1870,2026-03-15,Pendle LP,arbitrum,PT-thBILL-18JUN2026,11.23,6.25
1871,2026-03-15,Pendle PT,ethereum,PT-jrNUSD-28MAY2026,11.75,6.25
1872,2026-03-15,Pendle PT,ethereum,PT-reUSDe-25JUN2026,20,6.25
1873,2026-03-15,Pendle PT,arbitrum,PT-sUSDai-15OCT2026,7.61,6.25
1874,2026-03-15,Pendle PT,ethereum,PT-srUSDe-2APR2026,6.53,6.25
1875,2026-03-15,Pendle PT,arbitrum,PT-thBILL-18JUN2026,8,6.25
1876,2026-03-15,Uniswap MM,arbitrum,ETH/USDC,9.79,6.25
1877,2026-03-15,Uniswap MM,mainnet,ETH/USDC,11.62,6.25
1878,2026-03-15,Uniswap MM,mainnet,USDC/cbBTC,12.54,6.25
1879,2026-03-15,Uniswap MM,arbitrum,WBTC/USDC,15.28,6.25
1880,2026-03-15,Uniswap MM,mainnet,WBTC/USDC,12.17,6.25
1881,2026-03-15,Uniswap MM,arbitrum,WBTC/USDT,10.51,6.25
1882,2026-03-16,Pendle LP,arbitrum,PT-USDai-18JUN2026,6.63,5.26
1883,2026-03-16,Pendle LP,ethereum,PT-jrNUSD-28MAY2026,11.04,5.26
1884,2026-03-16,Pendle LP,ethereum,PT-reUSDe-25JUN2026,15.51,5.26
1885,2026-03-16,Pendle LP,arbitrum,PT-sUSDai-15OCT2026,10.95,5.26
1886,2026-03-16,Pendle LP,arbitrum,PT-thBILL-18JUN2026,7.8,5.26
1887,2026-03-16,Pendle PT,ethereum,PT-jrNUSD-28MAY2026,11.75,5.26
1888,2026-03-16,Pendle PT,ethereum,PT-reUSDe-25JUN2026,20,5.26
1889,2026-03-16,Pendle PT,arbitrum,PT-sUSDai-15OCT2026,7.61,5.26
1890,2026-03-16,Pendle PT,ethereum,PT-srUSDe-2APR2026,6.53,5.26
1891,2026-03-16,Pendle PT,arbitrum,PT-thBILL-18JUN2026,8,5.26
1892,2026-03-16,Uniswap MM,arbitrum,ETH/USDC,25.8,5.26
1893,2026-03-16,Uniswap MM,mainnet,ETH/USDC,28.69,5.26
1894,2026-03-16,Uniswap MM,arbitrum,ETH/USDT,12.68,5.26
1895,2026-03-16,Uniswap MM,mainnet,ETH/USDT,8.4,5.26
1896,2026-03-16,Uniswap MM,mainnet,USDC/cbBTC,42.43,5.26
1897,2026-03-16,Uniswap MM,arbitrum,WBTC/USDC,37.05,5.26
1898,2026-03-16,Uniswap MM,mainnet,WBTC/USDC,35.9,5.26
1899,2026-03-16,Uniswap MM,unichain,WBTC/USDC,7.41,5.26
1900,2026-03-16,Uniswap MM,arbitrum,WBTC/USDT,24.64,5.26
1901,2026-03-17,Pendle LP,ethereum,PT-jrNUSD-28MAY2026,10.91,6.25
1902,2026-03-17,Pendle LP,ethereum,PT-reUSDe-25JUN2026,15.39,6.25
1903,2026-03-17,Pendle LP,arbitrum,PT-sUSDai-15OCT2026,10.6,6.25
1904,2026-03-17,Pendle LP,arbitrum,PT-thBILL-18JUN2026,7.43,6.25
1905,2026-03-17,Pendle PT,ethereum,PT-jrNUSD-28MAY2026,11.75,6.25
1906,2026-03-17,Pendle PT,ethereum,PT-reUSDe-25JUN2026,20,6.25
1907,2026-03-17,Pendle PT,arbitrum,PT-sUSDai-15OCT2026,7.61,6.25
1908,2026-03-17,Pendle PT,ethereum,PT-srUSDe-2APR2026,6.53,6.25
1909,2026-03-17,Pendle PT,arbitrum,PT-thBILL-18JUN2026,8,6.25
1910,2026-03-17,Uniswap MM,arbitrum,ETH/USDC,27.84,6.25
1911,2026-03-17,Uniswap MM,mainnet,ETH/USDC,17.88,6.25
1912,2026-03-17,Uniswap MM,mainnet,USDC/cbBTC,31.09,6.25
1913,2026-03-17,Uniswap MM,arbitrum,WBTC/USDC,29.58,6.25
1914,2026-03-17,Uniswap MM,mainnet,WBTC/USDC,20.04,6.25
1915,2026-03-17,Uniswap MM,arbitrum,WBTC/USDT,20.11,6.25
1916,2026-03-17,Uniswap MM,mainnet,WBTC/USDT,7.85,6.25
1917,2026-03-18,Pendle LP,ethereum,PT-jrNUSD-28MAY2026,10.62,6.25
1918,2026-03-18,Pendle LP,ethereum,PT-reUSDe-25JUN2026,15.62,6.25
1919,2026-03-18,Pendle LP,arbitrum,PT-sUSDai-15OCT2026,9.43,6.25
1920,2026-03-18,Pendle LP,arbitrum,PT-thBILL-18JUN2026,7.19,6.25
1921,2026-03-18,Pendle PT,ethereum,PT-jrNUSD-28MAY2026,11.75,6.25
1922,2026-03-18,Pendle PT,ethereum,PT-reUSDe-25JUN2026,20,6.25
1923,2026-03-18,Pendle PT,arbitrum,PT-sUSDai-15OCT2026,7.61,6.25
1924,2026-03-18,Pendle PT,ethereum,PT-srUSDe-2APR2026,6.53,6.25
1925,2026-03-18,Pendle PT,arbitrum,PT-thBILL-18JUN2026,8,6.25
1926,2026-03-18,Uniswap MM,arbitrum,ETH/USDC,21.8,6.25
1927,2026-03-18,Uniswap MM,mainnet,ETH/USDC,21.21,6.25
1928,2026-03-18,Uniswap MM,mainnet,USDC/cbBTC,30.26,6.25
1929,2026-03-18,Uniswap MM,arbitrum,WBTC/USDC,22.8,6.25
1930,2026-03-18,Uniswap MM,mainnet,WBTC/USDC,38.53,6.25
1931,2026-03-18,Uniswap MM,arbitrum,WBTC/USDT,20.56,6.25
1932,2026-03-18,Uniswap MM,mainnet,WBTC/USDT,13.96,6.25
1933,2026-03-19,Pendle LP,ethereum,PT-jrNUSD-28MAY2026,10.57,5.88
1934,2026-03-19,Pendle LP,ethereum,PT-reUSDe-25JUN2026,15.69,5.88
1935,2026-03-19,Pendle LP,arbitrum,PT-sUSDai-15OCT2026,9.18,5.88
1936,2026-03-19,Pendle LP,arbitrum,PT-thBILL-18JUN2026,7.33,5.88
1937,2026-03-19,Pendle PT,ethereum,PT-jrNUSD-28MAY2026,11.75,5.88
1938,2026-03-19,Pendle PT,ethereum,PT-reUSDe-25JUN2026,20,5.88
1939,2026-03-19,Pendle PT,arbitrum,PT-sUSDai-15OCT2026,7.61,5.88
1940,2026-03-19,Pendle PT,ethereum,PT-srUSDe-2APR2026,6.53,5.88
1941,2026-03-19,Pendle PT,arbitrum,PT-thBILL-18JUN2026,8,5.88
1942,2026-03-19,Uniswap MM,arbitrum,ETH/USDC,20.09,5.88
1943,2026-03-19,Uniswap MM,mainnet,ETH/USDC,20.69,5.88
1944,2026-03-19,Uniswap MM,mainnet,ETH/USDT,6.63,5.88
1945,2026-03-19,Uniswap MM,mainnet,USDC/cbBTC,20.09,5.88
1946,2026-03-19,Uniswap MM,arbitrum,WBTC/USDC,23.15,5.88
1947,2026-03-19,Uniswap MM,mainnet,WBTC/USDC,53.8,5.88
1948,2026-03-19,Uniswap MM,arbitrum,WBTC/USDT,22.26,5.88
1949,2026-03-19,Uniswap MM,mainnet,WBTC/USDT,17.01,5.88
1950,2026-03-20,Pendle LP,ethereum,PT-jrNUSD-28MAY2026,10.54,6.25
1951,2026-03-20,Pendle LP,ethereum,PT-reUSDe-25JUN2026,15.82,6.25
1952,2026-03-20,Pendle LP,arbitrum,PT-sUSDai-15OCT2026,9.07,6.25
1953,2026-03-20,Pendle LP,arbitrum,PT-thBILL-18JUN2026,7.15,6.25
1954,2026-03-20,Pendle PT,ethereum,PT-jrNUSD-28MAY2026,11.75,6.25
1955,2026-03-20,Pendle PT,ethereum,PT-reUSDe-25JUN2026,20,6.25
1956,2026-03-20,Pendle PT,arbitrum,PT-sUSDai-15OCT2026,7.61,6.25
1957,2026-03-20,Pendle PT,ethereum,PT-srUSDe-2APR2026,6.53,6.25
1958,2026-03-20,Pendle PT,arbitrum,PT-thBILL-18JUN2026,8,6.25
1959,2026-03-20,Uniswap MM,arbitrum,ETH/USDC,13.98,6.25
1960,2026-03-20,Uniswap MM,mainnet,ETH/USDC,16.71,6.25
1961,2026-03-20,Uniswap MM,mainnet,USDC/cbBTC,18.49,6.25
1962,2026-03-20,Uniswap MM,arbitrum,WBTC/USDC,20.69,6.25
1963,2026-03-20,Uniswap MM,mainnet,WBTC/USDC,23.57,6.25
1964,2026-03-20,Uniswap MM,arbitrum,WBTC/USDT,20.7,6.25
1965,2026-03-20,Uniswap MM,mainnet,WBTC/USDT,12.13,6.25
1966,2026-03-21,Pendle LP,ethereum,PT-jrNUSD-28MAY2026,10.25,8.33
1967,2026-03-21,Pendle LP,ethereum,PT-reUSDe-25JUN2026,15.73,8.33
1968,2026-03-21,Pendle LP,arbitrum,PT-sUSDai-15OCT2026,8.62,8.33
1969,2026-03-21,Pendle LP,arbitrum,PT-thBILL-18JUN2026,7.23,8.33
1970,2026-03-21,Pendle PT,ethereum,PT-jrNUSD-28MAY2026,11.75,8.33
1971,2026-03-21,Pendle PT,ethereum,PT-reUSDe-25JUN2026,20,8.33
1972,2026-03-21,Pendle PT,arbitrum,PT-sUSDai-15OCT2026,7.61,8.33
1973,2026-03-21,Pendle PT,ethereum,PT-srUSDe-2APR2026,6.53,8.33
1974,2026-03-21,Pendle PT,arbitrum,PT-thBILL-18JUN2026,8,8.33
1975,2026-03-21,Uniswap MM,arbitrum,WBTC/USDC,6.68,8.33
1976,2026-03-21,Uniswap MM,mainnet,WBTC/USDC,6.95,8.33
1977,2026-03-21,Uniswap MM,arbitrum,WBTC/USDT,6.71,8.33
1978,2026-03-22,Pendle LP,ethereum,PT-jrNUSD-28MAY2026,10.38,6.25
1979,2026-03-22,Pendle LP,ethereum,PT-reUSDe-25JUN2026,15.84,6.25
1980,2026-03-22,Pendle LP,arbitrum,PT-sUSDai-15OCT2026,8.56,6.25
1981,2026-03-22,Pendle LP,arbitrum,PT-thBILL-18JUN2026,7.52,6.25
1982,2026-03-22,Pendle PT,ethereum,PT-jrNUSD-28MAY2026,11.75,6.25
1983,2026-03-22,Pendle PT,ethereum,PT-reUSDe-25JUN2026,20,6.25
1984,2026-03-22,Pendle PT,arbitrum,PT-sUSDai-15OCT2026,7.61,6.25
1985,2026-03-22,Pendle PT,ethereum,PT-srUSDe-2APR2026,6.53,6.25
1986,2026-03-22,Pendle PT,arbitrum,PT-thBILL-18JUN2026,8,6.25
1987,2026-03-22,Uniswap MM,arbitrum,ETH/USDC,10.47,6.25
1988,2026-03-22,Uniswap MM,mainnet,ETH/USDC,11.68,6.25
1989,2026-03-22,Uniswap MM,mainnet,USDC/cbBTC,7.35,6.25
1990,2026-03-22,Uniswap MM,arbitrum,WBTC/USDC,16.11,6.25
1991,2026-03-22,Uniswap MM,mainnet,WBTC/USDC,13.72,6.25
1992,2026-03-22,Uniswap MM,arbitrum,WBTC/USDT,14.29,6.25
1993,2026-03-22,Uniswap MM,mainnet,WBTC/USDT,9.4,6.25
1994,2026-03-23,Pendle LP,arbitrum,PT-USDai-18JUN2026,12.02,5
1995,2026-03-23,Pendle LP,ethereum,PT-jrNUSD-28MAY2026,10.38,5
1996,2026-03-23,Pendle LP,ethereum,PT-reUSDe-25JUN2026,16.17,5
1997,2026-03-23,Pendle LP,arbitrum,PT-sUSDai-15OCT2026,8.53,5
1998,2026-03-23,Pendle LP,arbitrum,PT-thBILL-18JUN2026,8.01,5
1999,2026-03-23,Pendle PT,ethereum,PT-jrNUSD-28MAY2026,11.75,5
2000,2026-03-23,Pendle PT,ethereum,PT-reUSDe-25JUN2026,20,5
2001,2026-03-23,Pendle PT,arbitrum,PT-sUSDai-15OCT2026,7.61,5
2002,2026-03-23,Pendle PT,ethereum,PT-srUSDe-2APR2026,6.53,5
2003,2026-03-23,Pendle PT,arbitrum,PT-thBILL-18JUN2026,8,5
2004,2026-03-23,Uniswap MM,arbitrum,ETH/USDC,24.85,5
2005,2026-03-23,Uniswap MM,mainnet,ETH/USDC,36.94,5
2006,2026-03-23,Uniswap MM,arbitrum,ETH/USDT,9.64,5
2007,2026-03-23,Uniswap MM,mainnet,ETH/USDT,9.05,5
2008,2026-03-23,Uniswap MM,mainnet,USDC/cbBTC,38.02,5
2009,2026-03-23,Uniswap MM,arbitrum,WBTC/USDC,36.53,5
2010,2026-03-23,Uniswap MM,mainnet,WBTC/USDC,44.58,5
2011,2026-03-23,Uniswap MM,unichain,WBTC/USDC,10.17,5
2012,2026-03-23,Uniswap MM,arbitrum,WBTC/USDT,36.91,5
2013,2026-03-23,Uniswap MM,mainnet,WBTC/USDT,26.06,5
2014,2026-03-24,Pendle LP,arbitrum,PT-USDai-18JUN2026,11.7,5.88
2015,2026-03-24,Pendle LP,ethereum,PT-jrNUSD-28MAY2026,10.36,5.88
2016,2026-03-24,Pendle LP,ethereum,PT-reUSDe-25JUN2026,16.15,5.88
2017,2026-03-24,Pendle LP,arbitrum,PT-sUSDai-15OCT2026,8.14,5.88
2018,2026-03-24,Pendle LP,arbitrum,PT-thBILL-18JUN2026,7.88,5.88
2019,2026-03-24,Pendle PT,ethereum,PT-jrNUSD-28MAY2026,11.75,5.88
2020,2026-03-24,Pendle PT,ethereum,PT-reUSDe-25JUN2026,20,5.88
2021,2026-03-24,Pendle PT,arbitrum,PT-sUSDai-15OCT2026,7.61,5.88
2022,2026-03-24,Pendle PT,ethereum,PT-srUSDe-2APR2026,6.53,5.88
2023,2026-03-24,Pendle PT,arbitrum,PT-thBILL-18JUN2026,8,5.88
2024,2026-03-24,Uniswap MM,arbitrum,ETH/USDC,13.99,5.88
2025,2026-03-24,Uniswap MM,mainnet,ETH/USDC,14.65,5.88
2026,2026-03-24,Uniswap MM,mainnet,USDC/cbBTC,16.76,5.88
2027,2026-03-24,Uniswap MM,arbitrum,WBTC/USDC,19.03,5.88
2028,2026-03-24,Uniswap MM,mainnet,WBTC/USDC,19.8,5.88
2029,2026-03-24,Uniswap MM,arbitrum,WBTC/USDT,21.46,5.88
2030,2026-03-24,Uniswap MM,mainnet,WBTC/USDT,11.62,5.88
2031,2026-03-25,Pendle LP,arbitrum,PT-USDai-18JUN2026,9.28,5.88
2032,2026-03-25,Pendle LP,ethereum,PT-jrNUSD-28MAY2026,10.38,5.88
2033,2026-03-25,Pendle LP,ethereum,PT-reUSDe-25JUN2026,16.83,5.88
2034,2026-03-25,Pendle LP,arbitrum,PT-sUSDai-15OCT2026,7.57,5.88
2035,2026-03-25,Pendle LP,arbitrum,PT-thBILL-18JUN2026,7.43,5.88
2036,2026-03-25,Pendle PT,ethereum,PT-jrNUSD-28MAY2026,11.75,5.88
2037,2026-03-25,Pendle PT,ethereum,PT-reUSDe-25JUN2026,20,5.88
2038,2026-03-25,Pendle PT,arbitrum,PT-sUSDai-15OCT2026,7.61,5.88
2039,2026-03-25,Pendle PT,ethereum,PT-srUSDe-2APR2026,6.53,5.88
2040,2026-03-25,Pendle PT,arbitrum,PT-thBILL-18JUN2026,8,5.88
2041,2026-03-25,Uniswap MM,arbitrum,ETH/USDC,11.49,5.88
2042,2026-03-25,Uniswap MM,mainnet,ETH/USDC,12.29,5.88
2043,2026-03-25,Uniswap MM,mainnet,USDC/cbBTC,25.14,5.88
2044,2026-03-25,Uniswap MM,arbitrum,WBTC/USDC,14.95,5.88
2045,2026-03-25,Uniswap MM,mainnet,WBTC/USDC,20.55,5.88
2046,2026-03-25,Uniswap MM,arbitrum,WBTC/USDT,19.25,5.88
2047,2026-03-25,Uniswap MM,mainnet,WBTC/USDT,10.6,5.88
2048,2026-03-26,Pendle LP,ethereum,PT-jrNUSD-28MAY2026,10.38,6.25
2049,2026-03-26,Pendle LP,ethereum,PT-reUSDe-25JUN2026,16.56,6.25
2050,2026-03-26,Pendle LP,arbitrum,PT-sUSDai-15OCT2026,7.65,6.25
2051,2026-03-26,Pendle LP,arbitrum,PT-thBILL-18JUN2026,7.4,6.25
2052,2026-03-26,Pendle PT,ethereum,PT-jrNUSD-28MAY2026,11.75,6.25
2053,2026-03-26,Pendle PT,ethereum,PT-reUSDe-25JUN2026,20,6.25
2054,2026-03-26,Pendle PT,arbitrum,PT-sUSDai-15OCT2026,7.61,6.25
2055,2026-03-26,Pendle PT,ethereum,PT-srUSDe-2APR2026,6.53,6.25
2056,2026-03-26,Pendle PT,arbitrum,PT-thBILL-18JUN2026,8,6.25
2057,2026-03-26,Uniswap MM,arbitrum,ETH/USDC,10.01,6.25
2058,2026-03-26,Uniswap MM,mainnet,ETH/USDC,17.46,6.25
2059,2026-03-26,Uniswap MM,mainnet,USDC/cbBTC,7.4,6.25
2060,2026-03-26,Uniswap MM,arbitrum,WBTC/USDC,15.49,6.25
2061,2026-03-26,Uniswap MM,mainnet,WBTC/USDC,15.72,6.25
2062,2026-03-26,Uniswap MM,arbitrum,WBTC/USDT,15.17,6.25
2063,2026-03-26,Uniswap MM,mainnet,WBTC/USDT,9.54,6.25
2064,2026-03-27,Pendle LP,ethereum,PT-jrNUSD-28MAY2026,10.37,6.67
2065,2026-03-27,Pendle LP,ethereum,PT-reUSDe-25JUN2026,16.58,6.67
2066,2026-03-27,Pendle LP,arbitrum,PT-sUSDai-15OCT2026,7.55,6.67
2067,2026-03-27,Pendle LP,arbitrum,PT-thBILL-18JUN2026,7.15,6.67
2068,2026-03-27,Pendle PT,ethereum,PT-jrNUSD-28MAY2026,11.75,6.67
2069,2026-03-27,Pendle PT,ethereum,PT-reUSDe-25JUN2026,20,6.67
2070,2026-03-27,Pendle PT,arbitrum,PT-sUSDai-15OCT2026,7.61,6.67
2071,2026-03-27,Pendle PT,ethereum,PT-srUSDe-2APR2026,6.53,6.67
2072,2026-03-27,Pendle PT,arbitrum,PT-thBILL-18JUN2026,8,6.67
2073,2026-03-27,Uniswap MM,arbitrum,ETH/USDC,8.08,6.67
2074,2026-03-27,Uniswap MM,mainnet,ETH/USDC,14.67,6.67
2075,2026-03-27,Uniswap MM,arbitrum,WBTC/USDC,15.16,6.67
2076,2026-03-27,Uniswap MM,mainnet,WBTC/USDC,16.67,6.67
2077,2026-03-27,Uniswap MM,arbitrum,WBTC/USDT,13.67,6.67
2078,2026-03-27,Uniswap MM,mainnet,WBTC/USDT,12.99,6.67
2079,2026-03-28,Pendle LP,ethereum,PT-jrNUSD-28MAY2026,10.27,11.11
2080,2026-03-28,Pendle LP,ethereum,PT-reUSDe-25JUN2026,17.04,11.11
2081,2026-03-28,Pendle LP,arbitrum,PT-sUSDai-15OCT2026,7.45,11.11
2082,2026-03-28,Pendle LP,arbitrum,PT-thBILL-18JUN2026,6.53,11.11
2083,2026-03-28,Pendle PT,ethereum,PT-jrNUSD-28MAY2026,11.75,11.11
2084,2026-03-28,Pendle PT,ethereum,PT-reUSDe-25JUN2026,20,11.11
2085,2026-03-28,Pendle PT,arbitrum,PT-sUSDai-15OCT2026,7.61,11.11
2086,2026-03-28,Pendle PT,ethereum,PT-srUSDe-2APR2026,6.53,11.11
2087,2026-03-28,Pendle PT,arbitrum,PT-thBILL-18JUN2026,8,11.11
2088,2026-03-29,Pendle LP,ethereum,PT-jrNUSD-28MAY2026,10.12,6.67
2089,2026-03-29,Pendle LP,ethereum,PT-reUSDe-25JUN2026,16.84,6.67
2090,2026-03-29,Pendle LP,arbitrum,PT-sUSDai-15OCT2026,7.39,6.67
2091,2026-03-29,Pendle PT,ethereum,PT-jrNUSD-28MAY2026,11.75,6.67
2092,2026-03-29,Pendle PT,ethereum,PT-reUSDe-25JUN2026,20,6.67
2093,2026-03-29,Pendle PT,arbitrum,PT-sUSDai-15OCT2026,7.61,6.67
2094,2026-03-29,Pendle PT,ethereum,PT-srUSDe-2APR2026,6.53,6.67
2095,2026-03-29,Pendle PT,arbitrum,PT-thBILL-18JUN2026,8,6.67
2096,2026-03-29,Uniswap MM,arbitrum,ETH/USDC,9.05,6.67
2097,2026-03-29,Uniswap MM,mainnet,ETH/USDC,8.55,6.67
2098,2026-03-29,Uniswap MM,mainnet,USDC/cbBTC,8.04,6.67
2099,2026-03-29,Uniswap MM,arbitrum,WBTC/USDC,7.55,6.67
2100,2026-03-29,Uniswap MM,mainnet,WBTC/USDC,11.11,6.67
2101,2026-03-29,Uniswap MM,arbitrum,WBTC/USDT,6.9,6.67
2102,2026-03-29,Uniswap MM,mainnet,WBTC/USDT,7.98,6.67
2103,2026-03-30,Pendle LP,ethereum,PT-jrNUSD-28MAY2026,10.12,5.88
2104,2026-03-30,Pendle LP,ethereum,PT-reUSDe-25JUN2026,16.48,5.88
2105,2026-03-30,Pendle LP,arbitrum,PT-sUSDai-15OCT2026,7.38,5.88
2106,2026-03-30,Pendle LP,arbitrum,PT-thBILL-18JUN2026,8.25,5.88
2107,2026-03-30,Pendle PT,ethereum,PT-jrNUSD-28MAY2026,11.75,5.88
2108,2026-03-30,Pendle PT,ethereum,PT-reUSDe-25JUN2026,20,5.88
2109,2026-03-30,Pendle PT,arbitrum,PT-sUSDai-15OCT2026,7.61,5.88
2110,2026-03-30,Pendle PT,ethereum,PT-srUSDe-2APR2026,6.53,5.88
2111,2026-03-30,Pendle PT,arbitrum,PT-thBILL-18JUN2026,8,5.88
2112,2026-03-30,Uniswap MM,arbitrum,ETH/USDC,19.95,5.88
2113,2026-03-30,Uniswap MM,mainnet,ETH/USDC,15.72,5.88
2114,2026-03-30,Uniswap MM,arbitrum,ETH/USDT,6.63,5.88
2115,2026-03-30,Uniswap MM,mainnet,USDC/cbBTC,9.07,5.88
2116,2026-03-30,Uniswap MM,arbitrum,WBTC/USDC,15.1,5.88
2117,2026-03-30,Uniswap MM,mainnet,WBTC/USDC,17.96,5.88
2118,2026-03-30,Uniswap MM,arbitrum,WBTC/USDT,14.53,5.88
2119,2026-03-30,Uniswap MM,mainnet,WBTC/USDT,12.99,5.88
2120,2026-03-31,Pendle LP,ethereum,PT-jrNUSD-28MAY2026,10.07,5.26
2121,2026-03-31,Pendle LP,ethereum,PT-reUSDe-25JUN2026,15.44,5.26
2122,2026-03-31,Pendle LP,arbitrum,PT-sUSDai-15OCT2026,6.68,5.26
2123,2026-03-31,Pendle LP,arbitrum,PT-thBILL-18JUN2026,9.79,5.26
2124,2026-03-31,Pendle PT,ethereum,PT-jrNUSD-28MAY2026,11.75,5.26
2125,2026-03-31,Pendle PT,ethereum,PT-reUSDe-25JUN2026,20,5.26
2126,2026-03-31,Pendle PT,arbitrum,PT-sUSDai-15OCT2026,7.61,5.26
2127,2026-03-31,Pendle PT,ethereum,PT-srUSDe-2APR2026,6.53,5.26
2128,2026-03-31,Pendle PT,arbitrum,PT-thBILL-18JUN2026,8,5.26
2129,2026-03-31,Uniswap MM,arbitrum,ETH/USDC,20.19,5.26
2130,2026-03-31,Uniswap MM,mainnet,ETH/USDC,15.95,5.26
2131,2026-03-31,Uniswap MM,arbitrum,ETH/USDT,8.96,5.26
2132,2026-03-31,Uniswap MM,mainnet,ETH/USDT,6.94,5.26
2133,2026-03-31,Uniswap MM,mainnet,USDC/cbBTC,15.7,5.26
2134,2026-03-31,Uniswap MM,arbitrum,WBTC/USDC,21.27,5.26
2135,2026-03-31,Uniswap MM,mainnet,WBTC/USDC,28.07,5.26
2136,2026-03-31,Uniswap MM,unichain,WBTC/USDC,6.66,5.26
2137,2026-03-31,Uniswap MM,arbitrum,WBTC/USDT,20.46,5.26
2138,2026-03-31,Uniswap MM,mainnet,WBTC/USDT,18.81,5.26
2139,2026-04-01,Pendle LP,ethereum,PT-jrNUSD-28MAY2026,10.23,5.88
2140,2026-04-01,Pendle LP,ethereum,PT-reUSDe-25JUN2026,14.16,5.88
2141,2026-04-01,Pendle LP,arbitrum,PT-sUSDai-15OCT2026,6.7,5.88
2142,2026-04-01,Pendle LP,arbitrum,PT-thBILL-18JUN2026,10.01,5.88
2143,2026-04-01,Pendle PT,ethereum,PT-jrNUSD-28MAY2026,11.75,5.88
2144,2026-04-01,Pendle PT,ethereum,PT-reUSDe-25JUN2026,20,5.88
2145,2026-04-01,Pendle PT,arbitrum,PT-sUSDai-15OCT2026,7.61,5.88
2146,2026-04-01,Pendle PT,ethereum,PT-srUSDe-2APR2026,6.53,5.88
2147,2026-04-01,Pendle PT,arbitrum,PT-thBILL-18JUN2026,8,5.88
2148,2026-04-01,Uniswap MM,arbitrum,ETH/USDC,21.83,5.88
2149,2026-04-01,Uniswap MM,mainnet,ETH/USDC,15.36,5.88
2150,2026-04-01,Uniswap MM,mainnet,ETH/USDT,10.47,5.88
2151,2026-04-01,Uniswap MM,mainnet,USDC/cbBTC,7.98,5.88
2152,2026-04-01,Uniswap MM,arbitrum,WBTC/USDC,15.11,5.88
2153,2026-04-01,Uniswap MM,mainnet,WBTC/USDC,19.12,5.88
2154,2026-04-01,Uniswap MM,arbitrum,WBTC/USDT,14.54,5.88
2155,2026-04-01,Uniswap MM,mainnet,WBTC/USDT,9.08,5.88
